K. Tidur,K. Mandi,L. Tanah,L. Bangunan,Tipe Properti,Sertifikat,price_juta,installment_juta,kecamatan,provinsi,Longitude,Latitude,num_facilities,outdoor_facilities,ac,security,laundry,park,published_date,num_char_desc,no_banjir,transportation
2.0,2.0,22.0,42.0,Rumah,SHM - Sertifikat Hak Milik,528.0,3.0,Tamansari,Jakarta Barat,106.8219204,-6.1568722,2,0,0,1,0,0,2022-10-08,795,0,1
3.0,3.0,52.0,71.0,Rumah,SHM - Sertifikat Hak Milik,800.0,5.0,Pos Pengumben,Jakarta Barat,106.7621165,-6.2172003,2,0,1,1,0,0,2022-09-23,493,0,0
2.0,2.0,22.0,42.0,Rumah,SHM - Sertifikat Hak Milik,562.0,4.0,Tamansari,Jakarta Barat,106.8219204,-6.1568722,8,0,1,1,0,0,2022-10-06,357,0,1
,,,,Rumah,,528.0,3.0,Tamansari,Jakarta Barat,106.8219204,-6.1568722,2,0,0,1,0,0,2022-10-06,726,0,0
2.0,2.0,22.0,42.0,Rumah,SHM - Sertifikat Hak Milik,562.0,4.0,Tamansari,Jakarta Barat,106.8219204,-6.1568722,5,1,0,1,0,0,2022-10-06,434,1,0
2.0,2.0,23.0,44.0,Rumah,SHM - Sertifikat Hak Milik,553.0,3.0,Tamansari,Jakarta Barat,106.8219204,-6.1568722,1,0,0,0,0,0,2022-09-12,406,0,0
2.0,2.0,23.0,44.0,Rumah,SHM - Sertifikat Hak Milik,550.0,3.0,Mangga Besar,Jakarta Barat,106.8187154,-6.1455551,1,0,0,1,0,0,2022-10-06,983,0,1
,,23.0,44.0,Rumah,SHM - Sertifikat Hak Milik,500.0,3.0,Mangga Besar,Jakarta Barat,106.8187154,-6.1455551,1,0,0,0,0,0,2022-10-06,428,0,0
2.0,2.0,24.0,39.0,Rumah,SHM - Sertifikat Hak Milik,611.0,4.0,Mangga Besar,Jakarta Barat,106.8187154,-6.1455551,5,1,1,1,0,0,2022-10-05,441,0,0
3.0,1.0,27.0,45.0,Rumah,SHM - Sertifikat Hak Milik,750.0,5.0,Jelambar,Jakarta Barat,106.7799232,-6.1583086,1,0,0,0,0,0,2022-10-10,206,0,0
2.0,1.0,27.0,30.0,Rumah,"Lainnya (PPJB,Girik,Adat,dll)",700.0,5.0,Jelambar,Jakarta Barat,106.7799232,-6.1583086,1,0,0,0,0,0,2022-10-10,586,0,1
2.0,1.0,27.0,30.0,Rumah,"Lainnya (PPJB,Girik,Adat,dll)",700.0,5.0,Jelambar,Jakarta Barat,106.7799232,-6.1583086,1,0,0,0,0,0,2022-10-10,596,0,1
2.0,1.0,77.0,77.0,Rumah,SHM - Sertifikat Hak Milik,650.0,4.0,Taman Ratu,Jakarta Barat,106.76777084266409,-6.16697545,1,0,0,0,0,0,2022-10-10,161,0,0
1.0,1.0,33.0,30.0,Rumah,SHM - Sertifikat Hak Milik,350.0,2.0,Kedoya,Jakarta Barat,106.7603535,-6.180638,1,0,0,0,0,0,2022-10-09,119,1,0
3.0,2.0,60.0,65.0,Rumah,SHM - Sertifikat Hak Milik,800.0,5.0,Bandara,Jakarta Barat,106.6954439,-6.1064087,8,1,0,1,1,0,2022-10-09,687,1,1
,,67.0,102.0,Rumah,SHM - Sertifikat Hak Milik,800.0,5.0,Kebon Jeruk,Jakarta Barat,106.76972548969255,-6.19257205,1,0,0,0,0,0,2022-09-26,430,0,0
4.0,4.0,33.0,50.0,Rumah,SHM - Sertifikat Hak Milik,300.0,2.0,Kedoya,Jakarta Barat,106.7603535,-6.180638,1,0,0,0,0,0,2022-09-19,142,0,0
2.0,1.0,83.0,76.0,Rumah,HGB - Hak Guna Bangunan,795.0,5.0,Jelambar,Jakarta Barat,106.7799232,-6.1583086,1,0,0,0,0,0,2022-09-19,192,0,0
2.0,,83.0,76.0,Rumah,HGB - Hak Guna Bangunan,795.0,5.0,Jelambar,Jakarta Barat,106.7799232,-6.1583086,1,0,0,0,0,0,2022-09-18,181,0,0
2.0,2.0,22.0,42.0,Rumah,SHM - Sertifikat Hak Milik,528.0,3.0,Tamansari,Jakarta Barat,106.8219204,-6.1568722,1,0,0,1,0,0,2022-09-12,1677,1,0
5.0,4.0,88.0,88.0,Rumah,SHM - Sertifikat Hak Milik,700.0,5.0,Kedoya,Jakarta Barat,106.7603535,-6.180638,1,0,0,0,0,0,2022-08-20,1347,1,1
2.0,2.0,8.0,27.0,Rumah,SHM - Sertifikat Hak Milik,650.0,4.0,Meruya,Jakarta Barat,106.747995,-6.19129,1,0,0,0,0,0,2022-08-20,851,0,1
3.0,2.0,72.0,120.0,Rumah,SHM - Sertifikat Hak Milik,635.0,4.0,Bandara,Jakarta Barat,106.6954439,-6.1064087,4,1,1,1,0,0,2022-08-14,359,1,0
,,,,Rumah,,405.0,2.0,Palmerah,Jakarta Barat,106.795214,-6.18361685,2,1,0,1,0,0,2022-08-13,836,0,1
2.0,1.0,60.0,40.0,Rumah,SHM - Sertifikat Hak Milik,405.0,2.0,Palmerah,Jakarta Barat,106.795214,-6.18361685,2,1,0,1,0,0,2022-08-13,836,0,1
2.0,1.0,19.0,36.0,Rumah,SHM - Sertifikat Hak Milik,725.0,5.0,Tomang,Jakarta Barat,106.7968992,-6.1716384,1,1,0,0,0,0,2022-07-16,265,0,1
2.0,1.0,60.0,50.0,Rumah,"Lainnya (PPJB,Girik,Adat,dll)",550.0,3.0,Cengkareng,Jakarta Barat,106.74471823726267,-6.1528985,1,0,0,0,0,0,2022-07-16,239,1,0
2.0,1.0,46.0,36.0,Rumah,SHM - Sertifikat Hak Milik,450.0,3.0,Joglo,Jakarta Barat,106.73830229785479,-6.219017,1,0,0,0,0,0,2019-06-27,675,1,1
3.0,2.0,147.0,172.0,Rumah,SHM - Sertifikat Hak Milik,600.0,4.0,Kalideres,Jakarta Barat,106.70159379305983,-6.13700575,4,0,1,1,0,0,2022-01-20,424,0,1
2.0,1.0,60.0,60.0,Rumah,SHM - Sertifikat Hak Milik,760.0,5.0,Cengkareng,Jakarta Barat,106.74471823726267,-6.1528985,3,1,1,1,0,0,2021-12-30,810,0,1
2.0,2.0,30.0,7.0,Rumah,SHM - Sertifikat Hak Milik,700.0,5.0,Kebon Jeruk,Jakarta Barat,106.76972548969255,-6.19257205,3,1,0,1,0,0,2021-12-15,743,0,1
3.0,2.0,36.0,67.0,Rumah,"Lainnya (PPJB,Girik,Adat,dll)",585.0,4.0,Jelambar,Jakarta Barat,106.7799232,-6.1583086,1,0,0,0,0,0,2022-05-10,237,1,1
2.0,2.0,79.0,69.0,Rumah,"Lainnya (PPJB,Girik,Adat,dll)",800.0,5.0,Jembatan Lima,Jakarta Barat,106.80389758971901,-6.145198199999999,1,0,0,0,0,0,2022-05-10,158,0,0
2.0,2.0,33.0,60.0,Rumah,SHM - Sertifikat Hak Milik,780.0,5.0,Pulo Gadung,Jakarta Timur,106.89060525673162,-6.1911085,3,0,1,1,0,0,2022-09-10,1607,1,1
2.0,2.0,32.0,63.0,Rumah,SHM - Sertifikat Hak Milik,761.0,5.0,Matraman,Jakarta Timur,106.86457858984426,-6.203624,1,0,0,1,0,0,2022-10-08,1152,0,1
2.0,1.0,18.0,35.0,Rumah,SHM - Sertifikat Hak Milik,408.0,2.0,Utan Kayu,Jakarta Timur,106.868129,-6.1956679,4,1,0,1,0,0,2022-10-07,315,0,0
2.0,2.0,33.0,68.0,Rumah,SHM - Sertifikat Hak Milik,782.0,5.0,Jatinegara,Jakarta Timur,106.8703394,-6.2149252,5,1,0,1,0,0,2022-10-06,620,0,0
,,69.0,97.0,Rumah,SHM - Sertifikat Hak Milik,700.0,5.0,Pulo Gadung,Jakarta Timur,106.89060525673162,-6.1911085,1,0,0,0,0,0,2022-10-06,431,0,0
3.0,3.0,37.0,57.0,Rumah,SHM - Sertifikat Hak Milik,709.0,5.0,Rawamangun,Jakarta Timur,106.8847253,-6.1959278,2,0,0,1,0,1,2022-10-06,962,0,1
2.0,1.0,18.0,35.0,Rumah,SHM - Sertifikat Hak Milik,418.0,3.0,Utan Kayu,Jakarta Timur,106.868129,-6.1956679,3,0,0,1,0,0,2022-10-06,885,1,0
2.0,1.0,32.0,56.0,Rumah,SHM - Sertifikat Hak Milik,764.0,5.0,Matraman,Jakarta Timur,106.86457858984426,-6.203624,4,0,0,1,0,0,2022-10-06,349,0,1
2.0,2.0,25.0,37.0,Rumah,SHM - Sertifikat Hak Milik,485.0,3.0,Matraman,Jakarta Timur,106.86457858984426,-6.203624,1,0,0,1,0,0,2022-10-06,988,0,1
2.0,2.0,32.0,63.0,Rumah,SHM - Sertifikat Hak Milik,783.0,5.0,Pulo Gadung,Jakarta Timur,106.89060525673162,-6.1911085,4,1,1,1,0,0,2022-10-05,944,0,1
2.0,2.0,18.0,33.0,Rumah,SHM - Sertifikat Hak Milik,418.0,3.0,Utan Kayu,Jakarta Timur,106.868129,-6.1956679,5,1,1,1,0,0,2022-10-05,846,1,1
3.0,2.0,62.0,70.0,Rumah,SHM - Sertifikat Hak Milik,700.0,5.0,Cibubur,Jakarta Timur,106.88356296718192,-6.3561084999999995,14,1,1,1,0,0,2022-10-05,396,0,0
,,27.0,45.0,Rumah,SHM - Sertifikat Hak Milik,564.0,4.0,Utan Kayu,Jakarta Timur,106.868129,-6.1956679,1,0,0,0,0,0,2022-10-05,906,0,0
2.0,2.0,30.0,56.0,Rumah,SHM - Sertifikat Hak Milik,762.0,5.0,Matraman,Jakarta Timur,106.86457858984426,-6.203624,6,0,0,1,0,1,2022-10-05,374,0,1
2.0,2.0,30.0,56.0,Rumah,SHM - Sertifikat Hak Milik,762.0,5.0,Matraman,Jakarta Timur,106.86457858984426,-6.203624,1,0,0,1,0,0,2022-10-05,1057,1,1
2.0,1.0,16.0,38.0,Rumah,SHM - Sertifikat Hak Milik,389.0,2.0,Matraman,Jakarta Timur,106.86457858984426,-6.203624,3,0,0,1,0,0,2022-10-05,1332,0,1
,,19.0,37.0,Rumah,SHM - Sertifikat Hak Milik,498.0,3.0,Pulo Gadung,Jakarta Timur,106.89060525673162,-6.1911085,1,0,0,0,0,0,2022-10-04,840,0,0
2.0,2.0,19.0,37.0,Rumah,SHM - Sertifikat Hak Milik,443.0,3.0,Pulo Gadung,Jakarta Timur,106.89060525673162,-6.1911085,2,0,0,1,0,0,2022-09-12,207,0,0
2.0,1.0,18.0,35.0,Rumah,SHM - Sertifikat Hak Milik,385.0,2.0,Utan Kayu,Jakarta Timur,106.868129,-6.1956679,1,0,0,0,0,0,2022-09-12,256,0,0
3.0,2.0,92.0,82.0,Rumah,SHM - Sertifikat Hak Milik,800.0,5.0,Pondok Kelapa,Jakarta Timur,106.93315323816401,-6.241039499999999,1,1,0,0,0,0,2022-09-16,924,0,0
2.0,1.0,55.0,100.0,Rumah,SHM - Sertifikat Hak Milik,620.0,4.0,Duren Sawit,Jakarta Timur,106.91924723513691,-6.2341378,3,1,0,1,0,0,2022-08-22,482,0,1
2.0,2.0,55.0,55.0,Rumah,SHM - Sertifikat Hak Milik,710.0,5.0,Cipayung,Jakarta Timur,106.8930244,-6.329545,5,1,1,1,0,0,2022-08-21,364,1,1
3.0,2.0,95.0,72.0,Rumah,SHM - Sertifikat Hak Milik,660.0,4.0,Cibubur,Jakarta Timur,106.88356296718192,-6.3561084999999995,1,0,0,1,0,0,2022-08-21,149,1,0
2.0,1.0,72.0,45.0,Rumah,HGB - Hak Guna Bangunan,650.0,4.0,Cibubur,Jakarta Timur,106.88356296718192,-6.3561084999999995,6,1,1,1,0,0,2022-08-21,103,0,0
2.0,1.0,90.0,90.0,Rumah,SHM - Sertifikat Hak Milik,775.0,5.0,Cibubur,Jakarta Timur,106.88356296718192,-6.3561084999999995,1,0,0,0,0,0,2022-08-15,221,0,0
,,,,Rumah,,480.0,3.0,Cibubur,Jakarta Timur,106.88356296718192,-6.3561084999999995,6,1,1,1,0,0,2022-05-29,95,0,1
2.0,1.0,24.0,41.0,Rumah,SHM - Sertifikat Hak Milik,495.0,3.0,Matraman,Jakarta Timur,106.86457858984426,-6.203624,1,0,0,0,0,0,2022-05-23,401,0,1
2.0,2.0,20.0,38.0,Rumah,SHM - Sertifikat Hak Milik,435.0,3.0,Utan Kayu,Jakarta Timur,106.868129,-6.1956679,5,1,1,1,0,0,2022-05-29,863,1,1
2.0,1.0,26.0,39.0,Rumah,SHM - Sertifikat Hak Milik,480.0,3.0,Cipayung,Jakarta Timur,106.8930244,-6.329545,3,0,0,1,1,0,2022-09-24,542,0,1
2.0,1.0,26.0,39.0,Rumah,SHM - Sertifikat Hak Milik,480.0,3.0,Ciracas,Jakarta Timur,106.87660392506864,-6.3296346,5,0,0,1,1,0,2022-09-24,548,0,1
3.0,2.0,83.0,93.0,Rumah,SHM - Sertifikat Hak Milik,750.0,5.0,Cibubur,Jakarta Timur,106.88356296718192,-6.3561084999999995,10,1,1,1,1,0,2022-09-24,759,0,0
3.0,1.0,72.0,69.0,Rumah,SHM - Sertifikat Hak Milik,725.0,5.0,Cibubur,Jakarta Timur,106.88356296718192,-6.3561084999999995,7,1,1,1,0,0,2022-07-29,31,0,0
3.0,2.0,72.0,69.0,Rumah,SHM - Sertifikat Hak Milik,775.0,5.0,Cibubur,Jakarta Timur,106.88356296718192,-6.3561084999999995,6,1,1,1,0,0,2022-07-29,275,0,1
2.0,1.0,75.0,50.0,Rumah,SHM - Sertifikat Hak Milik,799.0,5.0,Cibubur,Jakarta Timur,106.88356296718192,-6.3561084999999995,7,1,0,1,0,0,2022-09-15,792,0,1
2.0,2.0,27.0,42.0,Rumah,SHM - Sertifikat Hak Milik,538.0,3.0,Matraman,Jakarta Timur,106.86457858984426,-6.203624,1,0,0,0,0,0,2022-09-09,988,1,1
2.0,2.0,50.0,100.0,Rumah,SHM - Sertifikat Hak Milik,670.0,4.0,Pondok Kopi,Jakarta Timur,106.94147661685297,-6.2278565,2,0,0,1,0,0,2022-09-09,293,0,1
2.0,1.0,60.0,30.0,Rumah,SHM - Sertifikat Hak Milik,600.0,4.0,Cibubur,Jakarta Timur,106.88356296718192,-6.3561084999999995,12,1,1,1,1,1,2022-09-08,750,0,1
2.0,2.0,96.0,72.0,Rumah,SHM - Sertifikat Hak Milik,705.0,5.0,Cibubur,Jakarta Timur,106.88356296718192,-6.3561084999999995,3,1,0,1,0,0,2022-09-08,482,0,1
2.0,1.0,75.0,55.0,Rumah,SHM - Sertifikat Hak Milik,450.0,3.0,Jatinegara,Jakarta Timur,106.8703394,-6.2149252,5,1,1,1,0,0,2022-09-02,402,1,1
2.0,1.0,60.0,45.0,Rumah,SHM - Sertifikat Hak Milik,450.0,3.0,Jatinegara,Jakarta Timur,106.8703394,-6.2149252,5,1,1,1,0,0,2022-09-02,400,1,1
2.0,1.0,72.0,45.0,Rumah,HGB - Hak Guna Bangunan,600.0,4.0,Cibubur,Jakarta Timur,106.88356296718192,-6.3561084999999995,1,0,0,0,0,0,2022-07-28,394,1,1
2.0,1.0,72.0,60.0,Rumah,SHM - Sertifikat Hak Milik,650.0,4.0,Cibubur,Jakarta Timur,106.88356296718192,-6.3561084999999995,1,0,0,0,0,0,2022-07-28,394,1,1
2.0,2.0,72.0,56.0,Rumah,SHM - Sertifikat Hak Milik,565.0,4.0,Cibubur,Jakarta Timur,106.88356296718192,-6.3561084999999995,1,0,0,0,0,0,2022-07-28,394,1,1
2.0,1.0,72.0,42.0,Rumah,SHM - Sertifikat Hak Milik,625.0,4.0,Cibubur,Jakarta Timur,106.88356296718192,-6.3561084999999995,1,0,0,0,0,0,2022-07-28,394,1,1
3.0,2.0,72.0,69.0,Rumah,SHM - Sertifikat Hak Milik,700.0,5.0,Cibubur,Jakarta Timur,106.88356296718192,-6.3561084999999995,5,1,1,1,0,0,2022-07-28,271,0,1
3.0,2.0,63.0,110.0,Rumah,SHM - Sertifikat Hak Milik,750.0,5.0,Cibubur,Jakarta Timur,106.88356296718192,-6.3561084999999995,7,1,1,1,0,0,2022-07-22,1093,0,1
2.0,2.0,45.0,50.0,Rumah,SHM - Sertifikat Hak Milik,699.0,5.0,Lubang Buaya,Jakarta Timur,106.89991208862855,-6.29403815,2,0,1,1,0,0,2022-07-22,924,0,1
3.0,2.0,62.0,60.0,Rumah,SHM - Sertifikat Hak Milik,700.0,5.0,Cipayung,Jakarta Timur,106.8930244,-6.329545,1,0,0,1,0,0,2022-07-22,860,0,1
3.0,2.0,45.0,57.0,Rumah,SHM - Sertifikat Hak Milik,799.0,5.0,Pasar Rebo,Jakarta Timur,106.85337593386294,-6.324972750000001,1,0,0,1,0,0,2022-07-22,830,1,1
2.0,1.0,84.0,54.0,Rumah,SHM - Sertifikat Hak Milik,690.0,4.0,Cibubur,Jakarta Timur,106.88356296718192,-6.3561084999999995,5,1,1,1,0,0,2022-07-21,379,0,0
2.0,1.0,74.0,50.0,Rumah,SHM - Sertifikat Hak Milik,799.0,5.0,Ciracas,Jakarta Timur,106.87660392506864,-6.3296346,4,1,1,1,0,0,2022-07-21,259,0,0
2.0,2.0,27.0,42.0,Rumah,SHM - Sertifikat Hak Milik,538.0,3.0,Matraman,Jakarta Timur,106.86457858984426,-6.203624,1,0,0,1,0,0,2022-07-15,976,0,1
2.0,2.0,60.0,55.0,Rumah,SHM - Sertifikat Hak Milik,612.0,4.0,Cibubur,Jakarta Timur,106.88356296718192,-6.3561084999999995,7,1,1,1,0,0,2022-05-27,2630,1,1
2.0,1.0,85.0,29.0,Rumah,"Lainnya (PPJB,Girik,Adat,dll)",500.0,3.0,Cibubur,Jakarta Timur,106.88356296718192,-6.3561084999999995,1,0,0,0,0,0,2022-05-20,334,0,0
2.0,2.0,63.0,112.0,Rumah,SHM - Sertifikat Hak Milik,735.0,5.0,Lubang Buaya,Jakarta Timur,106.89991208862855,-6.29403815,2,1,1,0,0,0,2022-05-19,410,0,1
2.0,1.0,43.0,72.0,Rumah,SHM - Sertifikat Hak Milik,748.0,5.0,Cibubur,Jakarta Timur,106.88356296718192,-6.3561084999999995,1,0,0,0,0,0,2022-05-19,412,0,1
3.0,2.0,144.0,75.0,Rumah,SHM - Sertifikat Hak Milik,740.0,5.0,Bekasi Barat,Bekasi,106.985212,-6.2508909,4,0,0,0,1,0,2022-05-19,194,1,0
2.0,1.0,66.0,39.0,Rumah,SHM - Sertifikat Hak Milik,702.0,5.0,Cibubur,Jakarta Timur,106.88356296718192,-6.3561084999999995,2,1,0,1,0,0,2022-05-19,1627,1,0
2.0,1.0,66.0,39.0,Rumah,SHM - Sertifikat Hak Milik,702.0,5.0,Cibubur,Jakarta Timur,106.88356296718192,-6.3561084999999995,2,1,0,1,0,0,2022-05-19,1627,1,0
2.0,1.0,120.0,42.0,Rumah,SHM - Sertifikat Hak Milik,400.0,2.0,Cibubur,Jakarta Timur,106.88356296718192,-6.3561084999999995,1,0,0,0,0,0,2019-07-25,179,0,1
2.0,1.0,108.0,45.0,Rumah,SHM - Sertifikat Hak Milik,800.0,5.0,Cibubur,Jakarta Timur,106.88356296718192,-6.3561084999999995,2,0,0,0,0,1,2019-07-12,582,1,0
,1.0,24.0,33.0,Rumah,SHM - Sertifikat Hak Milik,500.0,3.0,Kramat Jati,Jakarta Timur,106.8701892,-6.2728548,1,0,0,0,0,0,2018-08-09,903,0,1
3.0,2.0,70.0,80.0,Rumah,SHM - Sertifikat Hak Milik,750.0,5.0,Cilangkap,Jakarta Timur,106.90805794258202,-6.333762500000001,2,1,1,0,0,0,2018-06-14,525,1,0
,,90.0,21.0,Rumah,SHM - Sertifikat Hak Milik,450.0,3.0,Cibubur,Jakarta Timur,106.88356296718192,-6.3561084999999995,1,0,0,0,0,0,2016-02-04,53,0,1
2.0,1.0,84.0,45.0,Rumah,SHM - Sertifikat Hak Milik,355.0,2.0,Pulo Gadung,Jakarta Timur,106.89060525673162,-6.1911085,18,1,1,1,0,0,2022-08-24,664,0,0
2.0,1.0,84.0,45.0,Rumah,SHM - Sertifikat Hak Milik,355.0,2.0,Cakung,Jakarta Timur,106.94010945394294,-6.185562,14,1,1,1,0,0,2022-08-24,644,0,0
2.0,1.0,30.0,56.0,Rumah,SHM - Sertifikat Hak Milik,762.0,5.0,Matraman,Jakarta Timur,106.86457858984426,-6.203624,1,0,0,0,0,0,2022-08-24,656,0,1
2.0,1.0,32.0,41.0,Rumah,SHM - Sertifikat Hak Milik,579.0,4.0,Pasar Rebo,Jakarta Timur,106.85337593386294,-6.324972750000001,5,1,1,1,0,0,2022-06-22,902,1,1
2.0,2.0,33.0,68.0,Rumah,SHM - Sertifikat Hak Milik,726.0,5.0,Matraman,Jakarta Timur,106.86457858984426,-6.203624,1,0,0,0,0,0,2022-06-16,639,0,1
2.0,1.0,60.0,40.0,Rumah,SHM - Sertifikat Hak Milik,800.0,5.0,Cibubur,Jakarta Timur,106.88356296718192,-6.3561084999999995,7,1,1,1,0,0,2022-01-27,970,0,0
2.0,1.0,30.0,57.0,Rumah,SHM - Sertifikat Hak Milik,667.0,4.0,Matraman,Jakarta Timur,106.86457858984426,-6.203624,8,1,1,1,0,0,2022-01-19,1079,0,1
,,40.0,66.0,Rumah,SHM - Sertifikat Hak Milik,700.0,5.0,Pisangan Lama,Jakarta Timur,106.8794607,-6.2138969,1,0,0,0,0,0,2022-09-27,438,0,0
2.0,1.0,72.0,55.0,Rumah,SHM - Sertifikat Hak Milik,640.0,4.0,Pulo Gadung,Jakarta Timur,106.89060525673162,-6.1911085,5,1,1,1,0,0,2022-08-24,399,1,1
2.0,1.0,35.0,18.0,Rumah,SHM - Sertifikat Hak Milik,385.0,2.0,Utan Kayu,Jakarta Timur,106.868129,-6.1956679,2,0,0,1,0,0,2022-08-23,838,0,1
2.0,1.0,26.0,48.0,Rumah,SHM - Sertifikat Hak Milik,646.0,4.0,Matraman,Jakarta Timur,106.86457858984426,-6.203624,1,0,0,0,0,0,2022-06-15,819,0,1
2.0,1.0,30.0,56.0,Rumah,SHM - Sertifikat Hak Milik,740.0,5.0,Matraman,Jakarta Timur,106.86457858984426,-6.203624,1,0,0,0,0,0,2022-06-15,799,0,1
2.0,1.0,50.0,50.0,Rumah,SHM - Sertifikat Hak Milik,500.0,3.0,Condet,Jakarta Timur,106.85820814173053,-6.277306299999999,1,0,0,0,0,0,2022-06-14,113,0,0
2.0,1.0,72.0,52.0,Rumah,SHM - Sertifikat Hak Milik,330.0,2.0,Cibubur,Jakarta Timur,106.88356296718192,-6.3561084999999995,1,1,0,0,0,0,2022-06-14,63,0,0
3.0,3.0,90.0,86.0,Rumah,SHM - Sertifikat Hak Milik,599.0,4.0,Cibubur,Jakarta Timur,106.88356296718192,-6.3561084999999995,1,0,1,0,0,0,2022-06-14,127,0,0
1.0,1.0,78.0,48.0,Rumah,"Lainnya (PPJB,Girik,Adat,dll)",495.0,3.0,Cibubur,Jakarta Timur,106.88356296718192,-6.3561084999999995,4,1,0,1,0,0,2021-12-01,988,0,1
2.0,2.0,90.0,60.0,Rumah,HGB - Hak Guna Bangunan,700.0,5.0,Cibubur,Jakarta Timur,106.88356296718192,-6.3561084999999995,4,1,0,1,0,0,2021-12-01,990,0,1
2.0,1.0,26.0,21.0,Rumah,SHM - Sertifikat Hak Milik,365.0,2.0,Pisangan Lama,Jakarta Timur,106.8794607,-6.2138969,5,1,1,1,0,0,2021-12-01,132,0,0
2.0,1.0,78.0,48.0,Rumah,SHM - Sertifikat Hak Milik,495.0,3.0,Cibubur,Jakarta Timur,106.88356296718192,-6.3561084999999995,7,1,1,1,0,0,2021-12-01,143,0,0
2.0,1.0,112.0,60.0,Rumah,HGB - Hak Guna Bangunan,600.0,4.0,Cibubur,Jakarta Timur,106.88356296718192,-6.3561084999999995,5,1,1,1,0,0,2021-11-24,551,0,0
2.0,2.0,78.0,70.0,Rumah,SHM - Sertifikat Hak Milik,790.0,5.0,Klender,Jakarta Timur,106.9056496,-6.2201747,4,1,1,1,0,0,2021-11-16,278,0,1
2.0,1.0,58.0,40.0,Rumah,SHM - Sertifikat Hak Milik,685.0,4.0,Cipayung,Jakarta Timur,106.8930244,-6.329545,2,1,0,1,0,0,2021-11-09,329,0,1
3.0,2.0,72.0,82.0,Rumah,SHM - Sertifikat Hak Milik,800.0,5.0,Jatiwaringin,Jakarta Timur,106.9138842,-6.2485324,1,0,0,0,0,0,2021-10-26,897,0,0
2.0,1.0,120.0,38.0,Rumah,SHM - Sertifikat Hak Milik,475.0,3.0,Cibubur,Jakarta Timur,106.88356296718192,-6.3561084999999995,5,1,1,1,0,0,2022-09-06,604,0,1
2.0,1.0,50.0,130.0,Rumah,SHM - Sertifikat Hak Milik,380.0,2.0,Cibubur,Jakarta Timur,106.88356296718192,-6.3561084999999995,5,1,1,1,0,0,2022-09-06,581,0,1
2.0,2.0,40.0,80.0,Rumah,SHM - Sertifikat Hak Milik,695.0,4.0,Jagakarsa,Jakarta Selatan,106.81917593837187,-6.3244486,9,1,1,1,1,0,2022-10-07,351,1,0
2.0,1.0,74.0,50.0,Rumah,SHM - Sertifikat Hak Milik,790.0,5.0,Jagakarsa,Jakarta Selatan,106.81917593837187,-6.3244486,4,0,1,1,0,0,2022-10-09,538,0,1
3.0,1.0,72.0,52.0,Rumah,SHM - Sertifikat Hak Milik,595.0,4.0,Lebak Bulus,Jakarta Selatan,106.78035387188287,-6.3025678,15,1,1,1,1,0,2022-09-24,1329,0,1
3.0,2.0,62.0,60.0,Rumah,SHM - Sertifikat Hak Milik,655.0,4.0,Bintaro,Jakarta Selatan,106.76086179531401,-6.271392799999999,15,1,1,1,1,1,2022-10-06,976,1,1
2.0,1.0,43.0,46.0,Rumah,SHM - Sertifikat Hak Milik,650.0,4.0,Jagakarsa,Jakarta Selatan,106.81917593837187,-6.3244486,6,1,0,1,0,0,2022-09-14,675,0,1
4.0,2.0,72.0,83.0,Rumah,HGB - Hak Guna Bangunan,607.0,4.0,Tebet,Jakarta Selatan,106.8499443,-6.226728,5,1,1,1,0,0,2022-09-13,578,0,1
2.0,1.0,51.0,48.0,Rumah,SHM - Sertifikat Hak Milik,450.0,3.0,Pasar Minggu,Jakarta Selatan,106.8449405,-6.2826745,1,1,0,0,0,0,2022-10-03,403,0,1
,,,,Rumah,,799.0,5.0,Jagakarsa,Jakarta Selatan,106.81917593837187,-6.3244486,1,0,0,0,0,0,2022-10-10,987,1,1
2.0,1.0,88.0,52.0,Rumah,SHM - Sertifikat Hak Milik,615.0,4.0,Cirendeu,Jakarta Selatan,106.7736719,-6.3042504,9,1,0,1,1,0,2022-10-09,729,0,0
,,22.0,38.0,Rumah,SHM - Sertifikat Hak Milik,320.0,2.0,Tanjung Barat,Jakarta Selatan,106.838831,-6.3084835,1,0,0,0,0,0,2022-10-09,266,0,1
2.0,2.0,63.0,55.0,Rumah,SHM - Sertifikat Hak Milik,731.0,5.0,Cirendeu,Jakarta Selatan,106.7736719,-6.3042504,9,1,1,1,1,0,2022-10-09,342,0,1
3.0,2.0,64.0,60.0,Rumah,SHM - Sertifikat Hak Milik,655.0,4.0,Lenteng Agung,Jakarta Selatan,106.8345262,-6.3299493,16,1,1,1,1,1,2022-10-09,967,1,1
,,,,Rumah,,655.0,4.0,Lebak Bulus,Jakarta Selatan,106.78035387188287,-6.3025678,15,1,1,1,1,0,2022-10-09,879,1,1
,2.0,60.0,48.0,Rumah,SHM - Sertifikat Hak Milik,600.0,4.0,Bintaro,Jakarta Selatan,106.76086179531401,-6.271392799999999,2,1,0,0,0,0,2022-10-03,1061,0,1
1.0,2.0,60.0,50.0,Rumah,SHM - Sertifikat Hak Milik,700.0,5.0,Jati Padang,Jakarta Selatan,106.83008444880369,-6.28900155,1,0,0,0,0,0,2022-10-03,244,0,0
3.0,2.0,60.0,48.0,Rumah,SHM - Sertifikat Hak Milik,600.0,4.0,Bintaro,Jakarta Selatan,106.76086179531401,-6.271392799999999,2,1,0,0,0,0,2022-10-03,1061,0,1
1.0,1.0,30.0,25.0,Rumah,SHM - Sertifikat Hak Milik,370.0,2.0,Jati Padang,Jakarta Selatan,106.83008444880369,-6.28900155,1,0,0,0,0,0,2022-10-03,214,0,0
2.0,1.0,72.0,38.0,Rumah,SHM - Sertifikat Hak Milik,550.0,3.0,Cirendeu,Jakarta Selatan,106.7736719,-6.3042504,11,1,1,1,0,0,2022-10-03,2029,0,1
3.0,2.0,60.0,48.0,Rumah,SHM - Sertifikat Hak Milik,600.0,4.0,Bintaro,Jakarta Selatan,106.76086179531401,-6.271392799999999,2,1,0,0,0,0,2022-10-03,1061,0,1
2.0,2.0,40.0,80.0,Rumah,SHM - Sertifikat Hak Milik,600.0,4.0,Kalibata,Jakarta Selatan,106.83516420328567,-6.265332,1,0,0,0,0,0,2022-10-03,527,1,1
2.0,1.0,84.0,42.0,Rumah,SHM - Sertifikat Hak Milik,369.0,2.0,Lebak Bulus,Jakarta Selatan,106.78035387188287,-6.3025678,5,1,1,1,0,0,2022-06-19,836,0,1
,,113.0,100.0,Rumah,SHM - Sertifikat Hak Milik,550.0,3.0,Cilandak,Jakarta Selatan,106.79692637055228,-6.2897982,1,0,0,0,0,0,2022-06-13,562,0,1
3.0,2.0,42.0,37.0,Rumah,SHM - Sertifikat Hak Milik,783.0,5.0,Jagakarsa,Jakarta Selatan,106.81917593837187,-6.3244486,3,1,0,1,0,0,2022-06-12,645,0,1
4.0,3.0,310.0,400.0,Rumah,SHM - Sertifikat Hak Milik,700.0,5.0,Kebayoran Baru,Jakarta Selatan,106.800434,-6.2441457,8,1,1,1,0,0,2022-06-06,246,0,0
3.0,2.0,66.0,65.0,Rumah,SHM - Sertifikat Hak Milik,685.0,4.0,Jagakarsa,Jakarta Selatan,106.81917593837187,-6.3244486,7,1,1,1,0,0,2022-05-30,770,1,1
3.0,2.0,73.0,45.0,Rumah,SHM - Sertifikat Hak Milik,699.0,5.0,Bintaro,Jakarta Selatan,106.76086179531401,-6.271392799999999,3,1,1,0,0,0,2022-10-01,942,0,1
3.0,2.0,73.0,45.0,Rumah,SHM - Sertifikat Hak Milik,699.0,5.0,Bintaro,Jakarta Selatan,106.76086179531401,-6.271392799999999,3,1,1,0,0,0,2022-10-01,942,0,1
3.0,2.0,150.0,70.0,Rumah,SHM - Sertifikat Hak Milik,770.0,5.0,Pesanggrahan,Jakarta Selatan,106.75813307251978,-6.25861405,2,1,0,0,0,0,2022-08-05,201,0,0
2.0,2.0,100.0,60.0,Rumah,SHM - Sertifikat Hak Milik,480.0,3.0,Tanjung Barat,Jakarta Selatan,106.838831,-6.3084835,1,0,0,0,0,0,2021-12-11,489,1,1
2.0,1.0,45.0,40.0,Rumah,SHM - Sertifikat Hak Milik,550.0,3.0,Jagakarsa,Jakarta Selatan,106.81917593837187,-6.3244486,3,1,0,1,0,0,2021-11-26,396,1,0
2.0,2.0,40.0,40.0,Rumah,SHM - Sertifikat Hak Milik,575.0,4.0,Pondok Pinang,Jakarta Selatan,106.78040265070712,-6.275479150000001,1,0,0,0,0,0,2021-11-26,164,0,0
3.0,2.0,73.0,45.0,Rumah,SHM - Sertifikat Hak Milik,699.0,5.0,patra kuningan,Jakarta Selatan,106.8321603,-6.2325531,3,1,1,0,0,0,2022-09-29,942,0,1
3.0,2.0,60.0,45.0,Rumah,SHM - Sertifikat Hak Milik,650.0,4.0,Bintaro,Jakarta Selatan,106.76086179531401,-6.271392799999999,1,0,0,0,0,0,2022-09-29,977,0,1
3.0,2.0,73.0,45.0,Rumah,SHM - Sertifikat Hak Milik,699.0,5.0,Bintaro,Jakarta Selatan,106.76086179531401,-6.271392799999999,3,1,1,0,0,0,2022-09-28,942,0,1
3.0,2.0,73.0,45.0,Rumah,SHM - Sertifikat Hak Milik,699.0,5.0,Bintaro,Jakarta Selatan,106.76086179531401,-6.271392799999999,3,1,1,0,0,0,2022-09-28,942,0,1
3.0,2.0,73.0,45.0,Rumah,SHM - Sertifikat Hak Milik,699.0,5.0,Bintaro,Jakarta Selatan,106.76086179531401,-6.271392799999999,3,1,1,0,0,0,2022-09-28,942,0,1
3.0,2.0,73.0,45.0,Rumah,SHM - Sertifikat Hak Milik,699.0,5.0,Bintaro,Jakarta Selatan,106.76086179531401,-6.271392799999999,3,1,1,0,0,0,2022-09-28,942,0,1
3.0,2.0,73.0,45.0,Rumah,SHM - Sertifikat Hak Milik,699.0,5.0,Bintaro,Jakarta Selatan,106.76086179531401,-6.271392799999999,3,1,1,0,0,0,2022-09-28,942,0,1
3.0,2.0,73.0,45.0,Rumah,SHM - Sertifikat Hak Milik,699.0,5.0,Bintaro,Jakarta Selatan,106.76086179531401,-6.271392799999999,3,1,1,0,0,0,2022-09-28,942,0,1
3.0,2.0,73.0,45.0,Rumah,SHM - Sertifikat Hak Milik,699.0,5.0,Bintaro,Jakarta Selatan,106.76086179531401,-6.271392799999999,3,1,1,0,0,0,2022-09-28,942,0,1
3.0,2.0,60.0,50.0,Rumah,SHM - Sertifikat Hak Milik,800.0,5.0,Kebayoran Baru,Jakarta Selatan,106.800434,-6.2441457,4,1,0,1,0,0,2022-06-02,555,0,1
3.0,2.0,70.0,50.0,Rumah,SHM - Sertifikat Hak Milik,510.0,3.0,Pasar Minggu,Jakarta Selatan,106.8449405,-6.2826745,3,0,1,1,0,0,2022-06-02,148,0,1
3.0,2.0,91.0,45.0,Rumah,SHM - Sertifikat Hak Milik,500.0,3.0,Cilandak,Jakarta Selatan,106.79692637055228,-6.2897982,3,1,0,1,0,0,2022-05-18,699,0,1
2.0,1.0,60.0,36.0,Rumah,SHM - Sertifikat Hak Milik,300.0,2.0,Radio Dalam,Jakarta Selatan,106.7890556061061,-6.2556902,5,1,1,1,0,0,2022-05-12,756,0,1
2.0,1.0,60.0,36.0,Rumah,SHM - Sertifikat Hak Milik,300.0,2.0,Kuningan,Jakarta Selatan,106.8333715,-6.2406142,5,1,1,1,0,0,2022-05-12,756,0,1
2.0,1.0,60.0,36.0,Rumah,SHM - Sertifikat Hak Milik,300.0,2.0,Kebagusan,Jakarta Selatan,106.83197601947661,-6.309105049999999,4,1,1,1,0,0,2022-05-12,756,0,1
3.0,2.0,60.0,50.0,Rumah,SHM - Sertifikat Hak Milik,600.0,4.0,Lebak Bulus,Jakarta Selatan,106.78035387188287,-6.3025678,4,1,1,1,0,0,2022-05-12,1003,0,1
3.0,2.0,61.0,60.0,Rumah,SHM - Sertifikat Hak Milik,655.0,4.0,Jagakarsa,Jakarta Selatan,106.81917593837187,-6.3244486,5,1,1,0,0,0,2022-05-11,1180,1,1
3.0,2.0,60.0,50.0,Rumah,SHM - Sertifikat Hak Milik,600.0,4.0,Pondok Pinang,Jakarta Selatan,106.78040265070712,-6.275479150000001,4,1,1,1,0,0,2022-04-28,845,1,1
3.0,2.0,61.0,60.0,Rumah,SHM - Sertifikat Hak Milik,599.0,4.0,Lebak Bulus,Jakarta Selatan,106.78035387188287,-6.3025678,2,1,1,0,0,0,2022-04-20,545,0,0
3.0,2.0,61.0,60.0,Rumah,SHM - Sertifikat Hak Milik,599.0,4.0,Bintaro,Jakarta Selatan,106.76086179531401,-6.271392799999999,2,1,1,0,0,0,2022-04-20,545,0,0
3.0,2.0,61.0,60.0,Rumah,SHM - Sertifikat Hak Milik,599.0,4.0,Gandaria,Jakarta Selatan,106.79003358078832,-6.24478835,2,1,1,0,0,0,2022-04-20,545,0,0
3.0,3.0,78.0,83.0,Rumah,SHM - Sertifikat Hak Milik,764.0,5.0,Tebet,Jakarta Selatan,106.8499443,-6.226728,16,1,1,1,1,1,2022-09-27,615,0,1
3.0,3.0,78.0,83.0,Rumah,SHM - Sertifikat Hak Milik,764.0,5.0,Tebet,Jakarta Selatan,106.8499443,-6.226728,16,1,1,1,1,1,2022-09-27,615,0,1
3.0,2.0,119.0,67.0,Rumah,SHM - Sertifikat Hak Milik,600.0,4.0,Lebak Bulus,Jakarta Selatan,106.78035387188287,-6.3025678,9,1,1,1,1,0,2022-09-27,102,0,0
3.0,2.0,70.0,70.0,Rumah,SHM - Sertifikat Hak Milik,789.0,5.0,Bintaro,Jakarta Selatan,106.76086179531401,-6.271392799999999,14,1,1,1,1,0,2022-09-27,1016,0,1
2.0,2.0,71.0,60.0,Rumah,SHM - Sertifikat Hak Milik,735.0,5.0,Kalibata,Jakarta Selatan,106.83516420328567,-6.265332,11,1,1,1,1,0,2022-09-27,440,0,0
3.0,3.0,110.0,90.0,Rumah,SHM - Sertifikat Hak Milik,575.0,4.0,Lenteng Agung,Jakarta Selatan,106.8345262,-6.3299493,1,0,0,0,0,0,2022-09-21,304,1,0
,2.0,60.0,48.0,Rumah,SHM - Sertifikat Hak Milik,600.0,4.0,Bintaro,Jakarta Selatan,106.76086179531401,-6.271392799999999,2,1,0,0,0,0,2022-09-21,1061,0,1
2.0,1.0,60.0,33.0,Rumah,SHM - Sertifikat Hak Milik,380.0,2.0,Kebayoran Baru,Jakarta Selatan,106.800434,-6.2441457,7,1,1,1,0,0,2022-05-31,1288,0,1
2.0,1.0,33.0,,Rumah,"Lainnya (PPJB,Girik,Adat,dll)",750.0,5.0,Kalibata,Jakarta Selatan,106.83516420328567,-6.265332,1,0,0,0,0,0,2022-05-31,865,0,1
2.0,1.0,60.0,36.0,Rumah,SHM - Sertifikat Hak Milik,300.0,2.0,SCBD,Jakarta Selatan,106.8095841567385,-6.2265931,5,1,1,1,0,0,2022-05-31,756,0,1
2.0,1.0,60.0,45.0,Rumah,SHM - Sertifikat Hak Milik,400.0,2.0,Cipulir,Jakarta Selatan,106.77256181107322,-6.237898550000001,4,1,1,1,0,0,2022-05-31,918,0,1
2.0,1.0,60.0,45.0,Rumah,SHM - Sertifikat Hak Milik,400.0,2.0,Ragunan,Jakarta Selatan,106.82101132022173,-6.29688215,4,1,1,1,0,0,2022-05-31,918,0,1
3.0,1.0,84.0,70.0,Rumah,SHM - Sertifikat Hak Milik,725.0,5.0,Jagakarsa,Jakarta Selatan,106.81917593837187,-6.3244486,4,0,0,1,0,0,2022-09-26,347,1,0
3.0,1.0,84.0,70.0,Rumah,SHM - Sertifikat Hak Milik,725.0,5.0,Lenteng Agung,Jakarta Selatan,106.8345262,-6.3299493,1,0,0,0,0,0,2022-09-26,347,1,0
3.0,2.0,73.0,45.0,Rumah,SHM - Sertifikat Hak Milik,699.0,5.0,Bintaro,Jakarta Selatan,106.76086179531401,-6.271392799999999,3,1,1,0,0,0,2022-09-26,942,0,1
2.0,2.0,60.0,58.0,Rumah,SHM - Sertifikat Hak Milik,800.0,5.0,Pasar Minggu,Jakarta Selatan,106.8449405,-6.2826745,6,1,1,1,0,0,2022-05-03,618,0,0
2.0,1.0,48.0,44.0,Rumah,SHM - Sertifikat Hak Milik,485.0,3.0,Kebagusan,Jakarta Selatan,106.83197601947661,-6.309105049999999,1,0,0,0,0,0,2022-04-26,472,1,0
2.0,2.0,21.0,42.0,Rumah,SHM - Sertifikat Hak Milik,440.0,3.0,Kelapa Gading,Jakarta Utara,106.9024825763434,-6.15993785,3,0,0,1,0,0,2022-09-25,612,0,1
2.0,1.0,21.0,33.0,Rumah,SHM - Sertifikat Hak Milik,475.0,3.0,Tanjung Priok,Jakarta Utara,106.87079323031739,-6.12885785,1,0,1,0,0,0,2022-09-11,152,0,0
2.0,1.0,24.0,44.0,Rumah,SHM - Sertifikat Hak Milik,525.0,3.0,Tanjung Priok,Jakarta Utara,106.87079323031739,-6.12885785,2,0,1,0,0,0,2022-10-05,251,0,0
2.0,2.0,34.0,64.0,Rumah,SHM - Sertifikat Hak Milik,725.0,5.0,Koja,Jakarta Utara,106.90736211830226,-6.12074995,8,1,0,1,0,1,2022-09-20,766,0,1
2.0,1.0,60.0,36.0,Rumah,SHM - Sertifikat Hak Milik,410.0,2.0,Marunda,Jakarta Utara,106.9617166,-6.1124898,5,0,1,1,1,0,2022-10-10,247,0,1
2.0,1.0,21.0,33.0,Rumah,SHM - Sertifikat Hak Milik,470.0,3.0,Tanjung Priok,Jakarta Utara,106.87079323031739,-6.12885785,2,0,1,0,0,0,2022-09-19,542,0,1
2.0,1.0,28.0,56.0,Rumah,SHM - Sertifikat Hak Milik,788.0,5.0,Tanjung Priok,Jakarta Utara,106.87079323031739,-6.12885785,1,0,0,0,0,0,2022-10-08,80,0,1
1.0,1.0,21.0,21.0,Rumah,SHM - Sertifikat Hak Milik,324.0,2.0,Tanjung Priok,Jakarta Utara,106.87079323031739,-6.12885785,3,1,1,0,1,0,2022-10-06,666,1,0
2.0,1.0,21.0,33.0,Rumah,SHM - Sertifikat Hak Milik,475.0,3.0,Tanjung Priok,Jakarta Utara,106.87079323031739,-6.12885785,1,0,1,0,0,0,2022-10-06,142,0,1
2.0,1.0,24.0,44.0,Rumah,SHM - Sertifikat Hak Milik,525.0,3.0,Tanjung Priok,Jakarta Utara,106.87079323031739,-6.12885785,2,0,1,0,0,0,2022-10-06,254,0,1
1.0,1.0,21.0,21.0,Rumah,SHM - Sertifikat Hak Milik,324.0,2.0,Tanjung Priok,Jakarta Utara,106.87079323031739,-6.12885785,8,1,1,1,1,0,2022-09-22,495,0,1
2.0,1.0,21.0,42.0,Rumah,SHM - Sertifikat Hak Milik,440.0,3.0,Tanjung Priok,Jakarta Utara,106.87079323031739,-6.12885785,12,1,1,1,1,0,2022-09-20,81,0,0
1.0,1.0,22.0,22.0,Rumah,SHM - Sertifikat Hak Milik,324.0,2.0,Tanjung Priok,Jakarta Utara,106.87079323031739,-6.12885785,1,0,0,1,0,0,2022-09-20,956,0,1
3.0,2.0,55.0,225.0,Rumah,SHM - Sertifikat Hak Milik,600.0,4.0,Kelapa Gading,Jakarta Utara,106.9024825763434,-6.15993785,2,1,0,1,0,0,2022-09-13,666,0,0
6.0,3.0,150.0,150.0,Rumah,SHM - Sertifikat Hak Milik,400.0,2.0,Sunter,Jakarta Utara,106.8962167,-6.1193846,1,0,0,0,0,0,2022-10-10,130,0,0
4.0,3.0,144.0,170.0,Rumah,HGB - Hak Guna Bangunan,585.0,4.0,Pantai Indah Kapuk,Jakarta Utara,106.7392466,-6.1089154,1,0,0,0,0,0,2022-10-09,416,0,0
3.0,2.0,53.0,63.0,Rumah,SHM - Sertifikat Hak Milik,799.0,5.0,Kelapa Gading,Jakarta Utara,106.9024825763434,-6.15993785,6,1,0,1,0,0,2022-10-02,882,1,1
5.0,3.0,250.0,250.0,Rumah,SHM - Sertifikat Hak Milik,350.0,2.0,Kamal,Jakarta Utara,106.7123535,-6.1075478,8,1,1,1,0,0,2022-10-02,197,0,0
3.0,2.0,53.0,63.0,Rumah,SHM - Sertifikat Hak Milik,779.0,5.0,Cilincing,Jakarta Utara,106.944453775,-6.12901455,2,1,0,1,0,0,2022-09-05,990,1,1
2.0,2.0,90.0,45.0,Rumah,"Lainnya (PPJB,Girik,Adat,dll)",600.0,4.0,Pantai Indah Kapuk,Jakarta Utara,106.7392466,-6.1089154,8,1,1,1,0,0,2022-08-15,325,0,0
2.0,1.0,52.0,50.0,Rumah,SHM - Sertifikat Hak Milik,400.0,2.0,Rorotan,Jakarta Utara,106.9567014,-6.1457207,1,0,0,0,0,0,2021-12-11,23,0,0
2.0,1.0,24.0,21.0,Rumah,SHM - Sertifikat Hak Milik,325.0,2.0,Tanjung Priok,Jakarta Utara,106.87079323031739,-6.12885785,1,0,0,0,0,0,2021-09-18,320,0,1
3.0,2.0,78.0,80.0,Rumah,SHM - Sertifikat Hak Milik,650.0,4.0,Tanjung Priok,Jakarta Utara,106.87079323031739,-6.12885785,1,0,0,0,0,0,2021-05-16,48,0,0
2.0,1.0,97.0,64.0,Rumah,SHM - Sertifikat Hak Milik,800.0,5.0,Marunda,Jakarta Utara,106.9617166,-6.1124898,4,1,1,1,0,0,2020-05-09,658,1,1
3.0,2.0,54.0,63.0,Rumah,SHM - Sertifikat Hak Milik,779.0,5.0,Cilincing,Jakarta Utara,106.944453775,-6.12901455,19,1,1,1,1,1,2022-10-07,636,0,1
2.0,1.0,21.0,42.0,Rumah,SHM - Sertifikat Hak Milik,470.0,3.0,Tanjung Priok,Jakarta Utara,106.87079323031739,-6.12885785,1,0,0,1,0,0,2022-09-14,480,0,1
3.0,2.0,72.0,54.0,Rumah,SHM - Sertifikat Hak Milik,485.0,3.0,Cilincing,Jakarta Utara,106.944453775,-6.12901455,6,1,1,1,0,0,2022-09-14,512,1,1
2.0,2.0,27.0,42.0,Rumah,SHM - Sertifikat Hak Milik,444.0,3.0,Kemayoran,Jakarta Pusat,106.85689034074326,-6.1625464999999995,5,1,0,1,1,0,2022-10-10,358,1,0
2.0,2.0,23.0,43.0,Rumah,SHM - Sertifikat Hak Milik,500.0,3.0,Kemayoran,Jakarta Pusat,106.85689034074326,-6.1625464999999995,1,0,1,0,0,0,2022-09-12,710,0,1
2.0,2.0,27.0,42.0,Rumah,SHM - Sertifikat Hak Milik,519.0,3.0,Kemayoran,Jakarta Pusat,106.85689034074326,-6.1625464999999995,2,0,0,1,0,0,2022-10-08,795,0,1
,,34.0,46.0,Rumah,SHM - Sertifikat Hak Milik,500.0,3.0,Kemayoran,Jakarta Pusat,106.85689034074326,-6.1625464999999995,1,0,0,0,0,0,2022-10-06,430,0,0
2.0,2.0,23.0,43.0,Rumah,SHM - Sertifikat Hak Milik,506.0,3.0,Cempaka Putih,Jakarta Pusat,106.86854766095992,-6.181214499999999,2,1,0,1,0,0,2022-10-06,525,0,1
2.0,2.0,22.0,40.0,Rumah,SHM - Sertifikat Hak Milik,477.0,3.0,Kemayoran,Jakarta Pusat,106.85689034074326,-6.1625464999999995,1,0,0,1,0,0,2022-10-06,954,0,1
2.0,2.0,22.0,40.0,Rumah,SHM - Sertifikat Hak Milik,477.0,3.0,Kemayoran,Jakarta Pusat,106.85689034074326,-6.1625464999999995,6,0,0,1,1,0,2022-10-05,380,0,1
2.0,2.0,22.0,40.0,Rumah,SHM - Sertifikat Hak Milik,477.0,3.0,Sumur Batu,Jakarta Pusat,106.8701023,-6.1636676,2,0,0,1,1,0,2022-10-05,1070,0,1
2.0,2.0,31.0,44.0,Rumah,SHM - Sertifikat Hak Milik,599.0,4.0,Kemayoran,Jakarta Pusat,106.85689034074326,-6.1625464999999995,19,1,1,1,1,1,2022-10-04,932,0,1
,,,,Rumah,,534.0,3.0,Kemayoran,Jakarta Pusat,106.85689034074326,-6.1625464999999995,1,0,0,1,0,0,2022-10-04,997,0,0
2.0,2.0,22.0,40.0,Rumah,SHM - Sertifikat Hak Milik,477.0,3.0,Sumur Batu,Jakarta Pusat,106.8701023,-6.1636676,4,0,0,1,0,0,2022-09-27,581,0,1
2.0,2.0,27.0,42.0,Rumah,SHM - Sertifikat Hak Milik,444.0,3.0,Kemayoran,Jakarta Pusat,106.85689034074326,-6.1625464999999995,1,0,0,0,0,0,2022-09-12,228,0,0
2.0,2.0,27.0,42.0,Rumah,SHM - Sertifikat Hak Milik,444.0,3.0,Kemayoran,Jakarta Pusat,106.85689034074326,-6.1625464999999995,6,1,0,1,0,0,2022-09-17,1019,1,1
2.0,2.0,27.0,42.0,Rumah,SHM - Sertifikat Hak Milik,519.0,3.0,Kemayoran,Jakarta Pusat,106.85689034074326,-6.1625464999999995,4,0,0,1,0,0,2022-10-06,787,0,1
2.0,2.0,36.0,43.0,Rumah,SHM - Sertifikat Hak Milik,465.0,3.0,Kemayoran,Jakarta Pusat,106.85689034074326,-6.1625464999999995,5,1,0,1,0,0,2022-10-06,444,0,0
2.0,2.0,26.0,37.0,Rumah,SHM - Sertifikat Hak Milik,494.0,3.0,Kemayoran,Jakarta Pusat,106.85689034074326,-6.1625464999999995,5,1,0,1,0,0,2022-10-05,503,1,1
2.0,1.0,24.0,46.0,Rumah,SHM - Sertifikat Hak Milik,552.0,3.0,Kemayoran,Jakarta Pusat,106.85689034074326,-6.1625464999999995,5,1,0,1,0,0,2022-10-05,494,0,1
3.0,2.0,60.0,63.0,Rumah,SHM - Sertifikat Hak Milik,628.0,4.0,Bungur,Jakarta Pusat,106.8482316,-6.1713909,26,1,1,1,0,1,2022-10-03,728,0,1
,,25.0,54.0,Rumah,"Lainnya (PPJB,Girik,Adat,dll)",597.0,4.0,Cempaka Putih,Jakarta Pusat,106.86854766095992,-6.181214499999999,1,0,0,0,0,0,2022-09-26,135,0,0
2.0,2.0,21.0,42.0,Rumah,SHM - Sertifikat Hak Milik,800.0,5.0,Senen,Jakarta Pusat,106.84323537475049,-6.184971,1,0,0,0,0,0,2022-09-19,971,0,1
3.0,2.0,60.0,63.0,Rumah,SHM - Sertifikat Hak Milik,628.0,4.0,Salemba,Jakarta Pusat,106.8505767,-6.1936482,29,1,1,1,1,0,2022-10-08,728,0,1
3.0,2.0,73.0,45.0,Rumah,SHM - Sertifikat Hak Milik,699.0,5.0,Kemayoran,Jakarta Pusat,106.85689034074326,-6.1625464999999995,4,1,1,0,0,0,2022-09-30,942,0,1
,,42.0,80.0,Rumah,"Lainnya (PPJB,Girik,Adat,dll)",650.0,4.0,Kartini,Jakarta Pusat,106.8340684,-6.1540643,1,0,0,0,0,0,2022-09-24,212,0,0
,,36.0,80.0,Rumah,SHM - Sertifikat Hak Milik,800.0,5.0,Sawah Besar,Jakarta Pusat,106.83357979795008,-6.155891349999999,1,0,0,0,0,0,2022-09-23,59,0,0
3.0,2.0,60.0,63.0,Rumah,SHM - Sertifikat Hak Milik,628.0,4.0,Tambak Pegangsaan,Jakarta Pusat,106.8492471,-6.2042416,29,1,1,1,0,1,2022-09-23,728,0,1
3.0,2.0,90.0,70.0,Rumah,SHM - Sertifikat Hak Milik,800.0,5.0,Sawah Besar,Jakarta Pusat,106.83357979795008,-6.155891349999999,1,0,0,0,0,0,2022-02-04,188,0,0
,,,,Rumah,,401.0,2.0,Senen,Jakarta Pusat,106.84323537475049,-6.184971,2,1,1,1,0,0,2022-01-27,882,0,1
2.0,2.0,18.0,34.0,Rumah,SHM - Sertifikat Hak Milik,491.0,3.0,Gunung Sahari,Jakarta Pusat,106.8376909,-6.1504141,1,0,0,1,0,0,2022-04-05,540,0,0
3.0,2.0,60.0,72.0,Rumah,SHM - Sertifikat Hak Milik,660.0,4.0,Kelapa Dua,Tangerang,106.6162438,-6.2354025,2,1,0,1,0,0,2022-10-10,982,1,1
3.0,2.0,60.0,72.0,Rumah,SHM - Sertifikat Hak Milik,660.0,4.0,Kelapa Dua,Tangerang,106.6162438,-6.2354025,2,1,0,1,0,0,2022-09-26,967,0,1
3.0,2.0,60.0,72.0,Rumah,SHM - Sertifikat Hak Milik,660.0,4.0,Kelapa Dua,Tangerang,106.6162438,-6.2354025,2,1,0,1,0,0,2022-09-26,967,0,1
2.0,1.0,60.0,30.0,Rumah,SHM - Sertifikat Hak Milik,796.0,5.0,BSD,Tangerang,106.6681494,-6.2820168,12,1,1,1,0,0,2022-09-19,812,1,1
2.0,1.0,72.0,36.0,Rumah,SHM - Sertifikat Hak Milik,650.0,4.0,Karawaci,Tangerang,106.6178523683619,-6.1828538,2,1,0,1,0,0,2022-09-12,968,1,0
3.0,2.0,60.0,72.0,Rumah,SHM - Sertifikat Hak Milik,660.0,4.0,Lippo Karawaci,Tangerang,106.6068776,-6.2272919,2,1,0,1,0,0,2022-09-12,906,0,1
2.0,1.0,72.0,50.0,Rumah,SHM - Sertifikat Hak Milik,500.0,3.0,Curug,Tangerang,106.5679352,-6.2652844,2,1,0,1,0,0,2022-09-30,877,1,0
2.0,1.0,60.0,36.0,Rumah,SHM - Sertifikat Hak Milik,500.0,3.0,Curug,Tangerang,106.5679352,-6.2652844,4,1,0,1,1,0,2022-09-30,967,0,1
2.0,2.0,72.0,40.0,Rumah,SHM - Sertifikat Hak Milik,630.0,4.0,Panongan,Tangerang,106.5271588,-6.2826406,2,1,0,1,0,0,2022-09-30,781,0,1
3.0,2.0,60.0,72.0,Rumah,SHM - Sertifikat Hak Milik,660.0,4.0,Kelapa Dua,Tangerang,106.6162438,-6.2354025,2,1,0,1,0,0,2022-09-16,969,0,1
2.0,1.0,102.0,46.0,Rumah,SHM - Sertifikat Hak Milik,745.0,5.0,Sindang Jaya,Tangerang,106.5034901,-6.1571012,9,1,1,1,1,1,2022-10-07,138,0,0
2.0,1.0,72.0,36.0,Rumah,SHM - Sertifikat Hak Milik,650.0,4.0,Curug,Tangerang,106.5679352,-6.2652844,2,1,0,1,0,0,2022-09-30,963,1,0
2.0,1.0,72.0,50.0,Rumah,SHM - Sertifikat Hak Milik,500.0,3.0,Panongan,Tangerang,106.5271588,-6.2826406,2,1,0,1,0,0,2022-09-30,816,0,0
2.0,1.0,60.0,36.0,Rumah,SHM - Sertifikat Hak Milik,500.0,3.0,Curug,Tangerang,106.5679352,-6.2652844,2,1,0,1,0,0,2022-09-30,897,0,1
2.0,1.0,72.0,50.0,Rumah,SHM - Sertifikat Hak Milik,500.0,3.0,Cikupa,Tangerang,106.5203821,-6.2407879,2,1,0,1,0,0,2022-09-29,880,0,0
2.0,1.0,50.0,36.0,Rumah,SHM - Sertifikat Hak Milik,548.0,3.0,Cipondoh,Tangerang,106.68884283763305,-6.1835184000000005,4,0,1,1,1,0,2022-09-16,894,0,1
2.0,1.0,60.0,36.0,Rumah,SHM - Sertifikat Hak Milik,500.0,3.0,Curug,Tangerang,106.5679352,-6.2652844,2,1,0,1,0,0,2022-09-28,899,0,1
2.0,2.0,72.0,40.0,Rumah,SHM - Sertifikat Hak Milik,630.0,4.0,Panongan,Tangerang,106.5271588,-6.2826406,2,1,0,1,0,0,2022-09-22,783,0,1
3.0,2.0,85.0,60.0,Rumah,SHM - Sertifikat Hak Milik,785.0,5.0,Rawa Kalong,Tangerang,0.0,0.0,14,1,1,1,1,1,2022-10-04,692,1,0
2.0,2.0,72.0,40.0,Rumah,SHM - Sertifikat Hak Milik,630.0,4.0,Cikupa,Tangerang,106.5203821,-6.2407879,2,1,0,1,0,0,2022-09-28,783,0,1
3.0,2.0,64.0,60.0,Rumah,SHM - Sertifikat Hak Milik,675.0,4.0,Cipondoh,Tangerang,106.68884283763305,-6.1835184000000005,30,1,1,1,1,1,2022-10-10,632,1,0
2.0,1.0,72.0,70.0,Rumah,SHM - Sertifikat Hak Milik,500.0,3.0,Cikupa Citra Raya,Tangerang,106.5256223,-6.2055662,1,0,0,0,0,0,2022-10-10,180,0,1
2.0,1.0,77.0,36.0,Rumah,SHM - Sertifikat Hak Milik,690.0,4.0,Cisauk,Tangerang,106.6416465,-6.3244506,1,0,0,0,0,0,2022-10-10,451,0,1
4.0,2.0,96.0,120.0,Rumah,SHM - Sertifikat Hak Milik,760.0,5.0,Cikupa Citra Raya,Tangerang,106.5256223,-6.2055662,1,0,0,0,0,0,2022-10-10,180,0,1
2.0,1.0,88.0,52.0,Rumah,SHM - Sertifikat Hak Milik,615.0,4.0,Pondok Cabe,Tangerang,106.76341868042863,-6.3364522,9,1,0,1,1,0,2022-10-09,729,0,0
4.0,2.0,72.0,100.0,Rumah,SHM - Sertifikat Hak Milik,450.0,3.0,Pasar Kemis,Tangerang,106.5344465,-6.1799666,1,0,0,0,1,0,2022-09-19,349,1,0
2.0,1.0,60.0,31.0,Rumah,SHM - Sertifikat Hak Milik,658.0,4.0,Pagedangan,Tangerang,106.6335536,-6.2979628,12,1,1,1,1,1,2022-09-19,410,1,1
2.0,1.0,50.0,36.0,Rumah,SHM - Sertifikat Hak Milik,550.0,3.0,Cipondoh,Tangerang,106.68884283763305,-6.1835184000000005,3,1,1,0,0,0,2022-08-15,698,1,1
3.0,1.0,429.0,120.0,Rumah,"Lainnya (PPJB,Girik,Adat,dll)",600.0,4.0,Cisoka,Tangerang,106.4330026,-6.2697702,3,1,1,0,0,0,2022-07-31,241,0,0
3.0,2.0,70.0,72.0,Rumah,"Lainnya (PPJB,Girik,Adat,dll)",797.0,5.0,Sindang Jaya,Tangerang,106.5034901,-6.1571012,2,1,0,1,0,0,2022-07-31,424,0,0
2.0,1.0,75.0,37.0,Rumah,"Lainnya (PPJB,Girik,Adat,dll)",580.0,4.0,Cikupa Citra Raya,Tangerang,106.5256223,-6.2055662,1,0,0,1,0,0,2022-07-31,349,0,0
2.0,1.0,77.0,60.0,Rumah,HGB - Hak Guna Bangunan,775.0,5.0,Poris,Tangerang,106.6886002,-6.1657845,1,0,0,1,0,0,2022-07-17,258,0,0
2.0,1.0,60.0,60.0,Rumah,SHM - Sertifikat Hak Milik,750.0,5.0,Poris,Tangerang,106.6886002,-6.1657845,1,0,0,1,0,0,2022-07-17,257,0,0
2.0,1.0,77.0,36.0,Rumah,SHM - Sertifikat Hak Milik,690.0,4.0,Cisauk,Tangerang,106.6416465,-6.3244506,2,1,0,1,0,0,2022-06-05,57,0,0
2.0,2.0,30.0,50.0,Rumah,SHM - Sertifikat Hak Milik,475.0,3.0,BSD Anggrek Loka,Tangerang,106.6697391,-6.3022972,1,0,0,0,0,0,2022-06-05,860,0,1
2.0,1.0,60.0,36.0,Rumah,SHM - Sertifikat Hak Milik,500.0,3.0,Karawaci,Tangerang,106.6178523683619,-6.1828538,3,0,0,1,0,0,2022-06-05,264,1,0
2.0,1.0,60.0,21.0,Rumah,SHM - Sertifikat Hak Milik,400.0,2.0,Legok,Tangerang,106.5911927,-6.282662,7,1,1,1,0,0,2022-06-05,563,1,1
2.0,2.0,32.0,40.0,Rumah,"Lainnya (PPJB,Girik,Adat,dll)",700.0,5.0,Gading Serpong,Tangerang,106.62776678733717,-6.2533587,4,1,1,1,0,0,2022-06-05,185,0,0
1.0,1.0,72.0,72.0,Rumah,SHM - Sertifikat Hak Milik,550.0,3.0,Karawaci,Tangerang,106.6178523683619,-6.1828538,6,1,1,1,0,0,2022-06-05,137,0,0
2.0,1.0,72.0,32.0,Rumah,"Lainnya (PPJB,Girik,Adat,dll)",325.0,2.0,Cisauk,Tangerang,106.6416465,-6.3244506,3,1,1,1,0,0,2022-06-05,54,0,0
2.0,1.0,70.0,90.0,Rumah,,750.0,5.0,Tangerang Kota,Tangerang,106.64108465161493,-6.1902326,1,0,0,0,0,0,2022-05-09,123,0,0
3.0,2.0,60.0,59.0,Rumah,SHM - Sertifikat Hak Milik,800.0,5.0,Cikupa Citra Raya,Tangerang,106.5256223,-6.2055662,2,1,0,1,0,0,2022-05-09,1051,1,0
2.0,1.0,60.0,50.0,Rumah,SHM - Sertifikat Hak Milik,750.0,5.0,Poris,Tangerang,106.6886002,-6.1657845,1,0,0,0,0,0,2022-05-09,262,0,0
5.0,2.0,90.0,160.0,Rumah,SHM - Sertifikat Hak Milik,740.0,5.0,Teluk Naga,Tangerang,106.6414051,-6.0929741,4,1,1,1,0,0,2022-05-08,69,0,1
2.0,1.0,60.0,50.0,Rumah,SHM - Sertifikat Hak Milik,750.0,5.0,Poris,Tangerang,106.6886002,-6.1657845,1,0,0,0,0,0,2022-05-08,208,0,0
2.0,1.0,72.0,40.0,Rumah,SHM - Sertifikat Hak Milik,690.0,4.0,Cisauk,Tangerang,106.6416465,-6.3244506,1,0,0,0,0,0,2022-05-08,102,0,0
2.0,1.0,102.0,46.0,Rumah,SHM - Sertifikat Hak Milik,750.0,5.0,Cikupa,Tangerang,106.5203821,-6.2407879,3,1,0,1,0,0,2022-05-08,512,1,1
2.0,1.0,72.0,36.0,Rumah,HGB - Hak Guna Bangunan,480.0,3.0,Cikupa Citra Raya,Tangerang,106.5256223,-6.2055662,1,0,0,0,0,0,2022-05-08,582,1,1
2.0,1.0,77.0,36.0,Rumah,SHM - Sertifikat Hak Milik,690.0,4.0,Cisauk,Tangerang,106.6416465,-6.3244506,1,0,0,0,0,0,2022-05-08,301,0,1
2.0,1.0,119.0,68.0,Rumah,"Lainnya (PPJB,Girik,Adat,dll)",750.0,5.0,Cikupa,Tangerang,106.5203821,-6.2407879,5,1,1,1,0,0,2022-05-01,120,0,0
2.0,2.0,30.0,50.0,Rumah,SHM - Sertifikat Hak Milik,475.0,3.0,BSD,Tangerang,106.6681494,-6.2820168,1,0,0,0,0,0,2022-04-25,693,0,1
3.0,2.0,67.0,50.0,Rumah,SHM - Sertifikat Hak Milik,780.0,5.0,Cipadu,Tangerang,106.7376966,-6.243227,2,0,0,1,0,0,2022-04-25,1018,0,1
2.0,1.0,72.0,40.0,Rumah,SHM - Sertifikat Hak Milik,550.0,3.0,Panongan,Tangerang,106.5271588,-6.2826406,8,1,1,1,0,0,2022-04-11,519,0,0
,,60.0,,Rumah,SHM - Sertifikat Hak Milik,345.0,2.0,Legok,Tangerang,106.5911927,-6.282662,1,0,0,0,0,0,2022-04-11,500,0,0
3.0,2.0,72.0,69.0,Rumah,SHM - Sertifikat Hak Milik,700.0,5.0,Tangerang Kota,Tangerang,106.64108465161493,-6.1902326,8,1,1,1,0,0,2022-04-11,611,0,0
2.0,1.0,100.0,70.0,Rumah,"Lainnya (PPJB,Girik,Adat,dll)",350.0,2.0,Cisauk,Tangerang,106.6416465,-6.3244506,1,0,0,0,0,0,2022-04-10,154,1,1
3.0,2.0,70.0,60.0,Rumah,SHM - Sertifikat Hak Milik,790.0,5.0,Pondok Cabe,Tangerang,106.76341868042863,-6.3364522,4,1,1,1,0,0,2022-04-10,422,0,0
2.0,1.0,69.0,45.0,Rumah,SHM - Sertifikat Hak Milik,800.0,5.0,Tangerang Kota,Tangerang,106.64108465161493,-6.1902326,3,1,1,1,0,0,2022-04-10,942,0,1
2.0,1.0,66.0,45.0,Rumah,SHM - Sertifikat Hak Milik,670.0,4.0,Pondok Benda,Tangerang,106.7143301,-6.3453562,7,1,1,1,0,0,2022-04-10,358,0,0
3.0,2.0,61.0,61.0,Rumah,SHM - Sertifikat Hak Milik,520.0,3.0,Cipondoh,Tangerang,106.68884283763305,-6.1835184000000005,4,1,1,1,0,0,2022-01-17,34,0,0
3.0,2.0,72.0,114.0,Rumah,SHM - Sertifikat Hak Milik,590.0,4.0,Cikupa Citra Raya,Tangerang,106.5256223,-6.2055662,1,0,0,0,0,0,2022-01-17,257,0,0
2.0,1.0,60.0,36.0,Rumah,SHM - Sertifikat Hak Milik,600.0,4.0,Cisauk,Tangerang,106.6416465,-6.3244506,3,1,1,1,0,0,2022-01-17,242,0,1
3.0,2.0,72.0,60.0,Rumah,SHM - Sertifikat Hak Milik,525.0,3.0,Cikupa Citra Raya,Tangerang,106.5256223,-6.2055662,3,1,0,1,0,0,2022-01-16,240,0,1
3.0,2.0,72.0,72.0,Rumah,SHM - Sertifikat Hak Milik,520.0,3.0,Cikupa Citra Raya,Tangerang,106.5256223,-6.2055662,3,1,0,1,0,0,2022-01-16,205,1,1
2.0,1.0,72.0,50.0,Rumah,SHM - Sertifikat Hak Milik,750.0,5.0,Gading Serpong,Tangerang,106.62776678733717,-6.2533587,1,0,0,0,0,0,2021-10-11,101,0,0
2.0,1.0,72.0,50.0,Rumah,"Lainnya (PPJB,Girik,Adat,dll)",650.0,4.0,Gading Serpong,Tangerang,106.62776678733717,-6.2533587,1,0,0,0,0,0,2021-10-11,122,0,0
2.0,1.0,72.0,72.0,Rumah,SHM - Sertifikat Hak Milik,575.0,4.0,Cikupa Citra Raya,Tangerang,106.5256223,-6.2055662,3,1,0,1,0,0,2021-10-11,86,0,0
2.0,1.0,72.0,,Rumah,"Lainnya (PPJB,Girik,Adat,dll)",625.0,4.0,Karawaci,Tangerang,106.6178523683619,-6.1828538,1,0,0,0,0,0,2021-01-18,699,0,0
2.0,1.0,72.0,29.0,Rumah,SHM - Sertifikat Hak Milik,625.0,4.0,Cikupa Citra Raya,Tangerang,106.5256223,-6.2055662,6,1,1,1,0,0,2021-01-17,925,1,1
3.0,1.0,78.0,70.0,Rumah,SHM - Sertifikat Hak Milik,700.0,5.0,Pinang,Tangerang,106.67191721577717,-6.212847399999999,1,0,0,0,0,0,2017-07-31,69,1,0
2.0,1.0,102.0,46.0,Rumah,SHM - Sertifikat Hak Milik,750.0,5.0,Cikupa,Tangerang,106.5203821,-6.2407879,1,0,0,0,0,0,2017-05-22,213,0,0
2.0,2.0,108.0,90.0,Rumah,SHM - Sertifikat Hak Milik,599.0,4.0,Cikupa Citra Raya,Tangerang,106.5256223,-6.2055662,3,0,0,1,0,0,2022-10-02,165,1,0
2.0,1.0,72.0,55.0,Rumah,SHM - Sertifikat Hak Milik,600.0,4.0,Cisauk,Tangerang,106.6416465,-6.3244506,1,0,0,0,0,0,2022-09-04,165,0,1
3.0,2.0,60.0,80.0,Rumah,SHM - Sertifikat Hak Milik,765.0,5.0,BSD,Tangerang,106.6681494,-6.2820168,6,1,1,1,0,0,2022-09-04,972,0,1
2.0,1.0,84.0,42.0,Rumah,SHM - Sertifikat Hak Milik,639.0,4.0,Tangerang Kota,Tangerang,106.64108465161493,-6.1902326,7,1,1,1,0,0,2022-08-20,859,1,1
2.0,1.0,72.0,38.0,Rumah,SHM - Sertifikat Hak Milik,555.0,3.0,Tangerang Kota,Tangerang,106.64108465161493,-6.1902326,6,1,1,1,0,0,2022-08-20,858,1,1
3.0,2.0,72.0,55.0,Rumah,SHM - Sertifikat Hak Milik,725.0,5.0,Serua,Tangerang,106.71363222672986,-6.3143224,4,1,1,1,0,0,2022-08-14,407,0,0
3.0,1.0,198.0,52.0,Rumah,HGB - Hak Guna Bangunan,744.0,5.0,Jambe,Tangerang,106.4876887,-6.3096419,5,1,1,1,0,0,2022-08-14,918,0,1
2.0,1.0,50.0,36.0,Rumah,SHM - Sertifikat Hak Milik,550.0,3.0,Cipondoh,Tangerang,106.68884283763305,-6.1835184000000005,3,1,1,0,0,0,2022-08-14,698,1,1
4.0,2.0,72.0,69.0,Rumah,SHM - Sertifikat Hak Milik,700.0,5.0,BSD City,Tangerang,106.64397834988091,-6.30213665,8,1,1,1,0,0,2022-08-07,157,1,1
3.0,1.0,90.0,60.0,Rumah,SHM - Sertifikat Hak Milik,625.0,4.0,Lippo Karawaci,Tangerang,106.6068776,-6.2272919,6,1,1,1,0,0,2022-08-07,187,1,0
2.0,1.0,60.0,60.0,Rumah,SHM - Sertifikat Hak Milik,650.0,4.0,Cipondoh,Tangerang,106.68884283763305,-6.1835184000000005,6,1,1,1,0,0,2022-08-07,255,0,0
3.0,1.0,72.0,140.0,Rumah,SHM - Sertifikat Hak Milik,650.0,4.0,Cikupa Citra Raya,Tangerang,106.5256223,-6.2055662,8,1,1,1,0,0,2022-08-07,290,0,0
2.0,1.0,72.0,69.0,Rumah,SHM - Sertifikat Hak Milik,380.0,2.0,Pasar Kemis,Tangerang,106.5344465,-6.1799666,1,0,0,1,0,0,2022-08-07,16,0,0
2.0,1.0,82.0,60.0,Rumah,SHM - Sertifikat Hak Milik,400.0,2.0,Cikupa Citra Raya,Tangerang,106.5256223,-6.2055662,1,0,0,0,0,0,2022-08-07,187,0,0
2.0,1.0,128.0,57.0,Rumah,SHM - Sertifikat Hak Milik,800.0,5.0,Cikupa Citra Raya,Tangerang,106.5256223,-6.2055662,4,1,1,1,0,0,2022-08-07,1080,1,1
3.0,3.0,128.0,134.0,Rumah,HGB - Hak Guna Bangunan,800.0,5.0,Cikupa Citra Raya,Tangerang,106.5256223,-6.2055662,5,1,1,1,0,0,2022-08-07,1081,1,1
2.0,1.0,72.0,36.0,Rumah,SHM - Sertifikat Hak Milik,680.0,4.0,Ciledug,Tangerang,106.70421434030955,-6.24077655,1,0,0,0,0,0,2022-07-17,195,0,0
3.0,2.0,72.0,72.0,Rumah,SHM - Sertifikat Hak Milik,540.0,3.0,Cikupa,Tangerang,106.5203821,-6.2407879,3,1,0,1,0,0,2022-07-17,94,0,0
2.0,1.0,81.0,42.0,Rumah,SHM - Sertifikat Hak Milik,800.0,5.0,Setu,Tangerang Selatan,106.66470020533322,-6.3419707,2,1,0,1,0,0,2022-09-26,965,0,1
2.0,1.0,90.0,36.0,Rumah,SHM - Sertifikat Hak Milik,599.0,4.0,Setu,Tangerang Selatan,106.66470020533322,-6.3419707,2,1,0,1,0,0,2022-09-26,975,1,1
3.0,2.0,60.0,60.0,Rumah,SHM - Sertifikat Hak Milik,600.0,4.0,Pamulang,Tangerang Selatan,106.7226635889224,-6.33321675,7,1,1,1,0,0,2022-09-12,19,0,0
3.0,1.0,66.0,52.0,Rumah,SHM - Sertifikat Hak Milik,597.0,4.0,Pamulang,Tangerang Selatan,106.7226635889224,-6.33321675,8,1,1,1,0,0,2022-09-12,403,0,0
2.0,1.0,70.0,45.0,Rumah,SHM - Sertifikat Hak Milik,595.0,4.0,Pamulang,Tangerang Selatan,106.7226635889224,-6.33321675,13,1,1,1,1,0,2022-10-08,339,0,1
3.0,1.0,66.0,52.0,Rumah,SHM - Sertifikat Hak Milik,595.0,4.0,Pamulang,Tangerang Selatan,106.7226635889224,-6.33321675,7,1,1,1,0,0,2022-09-10,183,1,0
2.0,1.0,81.0,42.0,Rumah,SHM - Sertifikat Hak Milik,800.0,5.0,Setu,Tangerang Selatan,106.66470020533322,-6.3419707,4,1,0,1,1,0,2022-09-30,936,0,1
2.0,1.0,60.0,42.0,Rumah,SHM - Sertifikat Hak Milik,663.0,4.0,Pamulang,Tangerang Selatan,106.7226635889224,-6.33321675,9,1,1,1,0,1,2022-09-29,646,0,0
2.0,1.0,75.0,50.0,Rumah,SHM - Sertifikat Hak Milik,550.0,3.0,Ciputat,Tangerang Selatan,106.71841089195783,-6.31107785,20,1,1,1,1,1,2022-10-06,973,1,0
2.0,1.0,70.0,45.0,Rumah,SHM - Sertifikat Hak Milik,620.0,4.0,Pamulang,Tangerang Selatan,106.7226635889224,-6.33321675,16,1,1,1,1,0,2022-10-05,370,0,1
2.0,2.0,90.0,36.0,Rumah,SHM - Sertifikat Hak Milik,599.0,4.0,Setu,Tangerang Selatan,106.66470020533322,-6.3419707,2,1,0,1,0,0,2022-09-28,975,1,1
3.0,2.0,64.0,60.0,Rumah,SHM - Sertifikat Hak Milik,625.0,4.0,Serpong,Tangerang Selatan,106.68073925095902,-6.3131287,13,1,1,1,1,1,2022-10-04,972,1,1
3.0,2.0,78.0,60.0,Rumah,SHM - Sertifikat Hak Milik,635.0,4.0,Pamulang,Tangerang Selatan,106.7226635889224,-6.33321675,12,1,1,1,1,1,2022-10-04,986,1,1
2.0,1.0,90.0,36.0,Rumah,SHM - Sertifikat Hak Milik,599.0,4.0,Setu,Tangerang Selatan,106.66470020533322,-6.3419707,2,1,0,1,0,0,2022-09-28,975,1,1
2.0,1.0,81.0,42.0,Rumah,SHM - Sertifikat Hak Milik,800.0,5.0,Setu,Tangerang Selatan,106.66470020533322,-6.3419707,2,1,0,1,0,0,2022-09-28,965,0,1
2.0,1.0,72.0,42.0,Rumah,HGB - Hak Guna Bangunan,780.0,5.0,Pamulang,Tangerang Selatan,106.7226635889224,-6.33321675,2,1,0,1,0,0,2022-09-20,949,0,0
3.0,2.0,62.0,60.0,Rumah,SHM - Sertifikat Hak Milik,793.0,5.0,Pamulang,Tangerang Selatan,106.7226635889224,-6.33321675,2,1,0,1,0,0,2022-09-13,747,0,1
2.0,1.0,72.0,50.0,Rumah,SHM - Sertifikat Hak Milik,590.0,4.0,Pamulang,Tangerang Selatan,106.7226635889224,-6.33321675,10,1,1,1,1,0,2022-10-03,795,1,1
3.0,1.0,66.0,52.0,Rumah,SHM - Sertifikat Hak Milik,770.0,5.0,Pamulang,Tangerang Selatan,106.7226635889224,-6.33321675,20,1,1,1,1,1,2022-10-03,389,1,1
2.0,1.0,68.0,36.0,Rumah,,500.0,3.0,Pamulang,Tangerang Selatan,106.7226635889224,-6.33321675,2,1,0,1,0,0,2022-09-19,958,1,1
3.0,2.0,60.0,48.0,Rumah,SHM - Sertifikat Hak Milik,600.0,4.0,Serpong,Tangerang Selatan,106.68073925095902,-6.3131287,2,1,0,0,0,0,2022-10-03,1061,0,1
3.0,2.0,60.0,48.0,Rumah,SHM - Sertifikat Hak Milik,600.0,4.0,Bintaro,Tangerang Selatan,106.7476998,-6.2737145,2,1,0,0,0,0,2022-10-03,1061,0,1
2.0,1.0,72.0,40.0,Rumah,SHM - Sertifikat Hak Milik,484.0,3.0,Ciputat,Tangerang Selatan,106.71841089195783,-6.31107785,20,1,1,1,1,1,2022-10-03,707,0,1
,,33.0,66.0,Rumah,SHM - Sertifikat Hak Milik,550.0,3.0,Pondok Aren,Tangerang Selatan,106.7149851402292,-6.2665205,1,0,0,0,0,0,2022-10-03,356,0,1
2.0,1.0,66.0,52.0,Rumah,SHM - Sertifikat Hak Milik,770.0,5.0,Pamulang,Tangerang Selatan,106.7226635889224,-6.33321675,9,1,1,1,0,0,2022-10-03,374,0,1
2.0,1.0,66.0,40.0,Rumah,SHM - Sertifikat Hak Milik,800.0,5.0,Ciputat,Tangerang Selatan,106.71841089195783,-6.31107785,5,1,1,1,0,0,2022-09-04,866,0,1
2.0,1.0,72.0,45.0,Rumah,SHM - Sertifikat Hak Milik,450.0,3.0,Ciputat,Tangerang Selatan,106.71841089195783,-6.31107785,5,1,1,1,0,0,2022-09-04,842,1,1
3.0,2.0,60.0,50.0,Rumah,SHM - Sertifikat Hak Milik,600.0,4.0,Serpong,Tangerang Selatan,106.68073925095902,-6.3131287,5,1,1,1,0,0,2022-07-03,543,0,1
2.0,2.0,60.0,58.0,Rumah,SHM - Sertifikat Hak Milik,600.0,4.0,Serpong,Tangerang Selatan,106.68073925095902,-6.3131287,7,1,1,1,0,0,2022-04-24,1355,0,0
2.0,1.0,50.0,30.0,Rumah,SHM - Sertifikat Hak Milik,400.0,2.0,Serpong,Tangerang Selatan,106.68073925095902,-6.3131287,6,1,1,1,0,0,2022-04-24,555,1,1
3.0,2.0,61.0,60.0,Rumah,SHM - Sertifikat Hak Milik,599.0,4.0,Serpong,Tangerang Selatan,106.68073925095902,-6.3131287,2,1,1,0,0,0,2022-04-24,545,0,0
2.0,1.0,78.0,42.0,Rumah,SHM - Sertifikat Hak Milik,650.0,4.0,Serpong,Tangerang Selatan,106.68073925095902,-6.3131287,1,0,0,0,0,0,2021-12-19,255,0,0
3.0,2.0,62.0,60.0,Rumah,SHM - Sertifikat Hak Milik,793.0,5.0,Pamulang,Tangerang Selatan,106.7226635889224,-6.33321675,2,1,0,1,0,0,2021-12-12,679,0,1
3.0,2.0,60.0,80.0,Rumah,SHM - Sertifikat Hak Milik,765.0,5.0,Serpong,Tangerang Selatan,106.68073925095902,-6.3131287,6,1,1,1,0,0,2022-09-04,972,0,1
3.0,2.0,62.0,60.0,Rumah,SHM - Sertifikat Hak Milik,793.0,5.0,Pamulang,Tangerang Selatan,106.7226635889224,-6.33321675,4,1,0,1,0,0,2022-09-04,772,0,1
2.0,2.0,50.0,96.0,Rumah,"Lainnya (PPJB,Girik,Adat,dll)",720.0,5.0,Pamulang,Tangerang Selatan,106.7226635889224,-6.33321675,1,0,0,0,0,0,2022-09-04,790,0,1
3.0,2.0,72.0,78.0,Rumah,SHM - Sertifikat Hak Milik,800.0,5.0,Sektor 9-Bintaro,Tangerang Selatan,106.7137514,-6.2807661,6,1,1,1,0,0,2022-09-04,248,0,1
3.0,1.0,66.0,52.0,Rumah,SHM - Sertifikat Hak Milik,700.0,5.0,Pamulang,Tangerang Selatan,106.7226635889224,-6.33321675,8,1,1,1,0,0,2022-09-03,335,0,0
3.0,2.0,70.0,68.0,Rumah,SHM - Sertifikat Hak Milik,700.0,5.0,Pamulang,Tangerang Selatan,106.7226635889224,-6.33321675,5,1,1,1,0,0,2022-09-03,768,0,1
3.0,1.0,96.0,50.0,Rumah,SHM - Sertifikat Hak Milik,720.0,5.0,Pamulang,Tangerang Selatan,106.7226635889224,-6.33321675,3,1,1,1,0,0,2022-09-03,131,0,0
2.0,2.0,45.0,36.0,Rumah,SHM - Sertifikat Hak Milik,700.0,5.0,Ciputat,Tangerang Selatan,106.71841089195783,-6.31107785,3,1,1,1,0,0,2022-08-20,234,0,0
3.0,2.0,72.0,55.0,Rumah,SHM - Sertifikat Hak Milik,725.0,5.0,Pamulang,Tangerang Selatan,106.7226635889224,-6.33321675,3,1,1,1,0,0,2022-08-14,407,0,0
2.0,1.0,72.0,49.0,Rumah,SHM - Sertifikat Hak Milik,595.0,4.0,Pamulang,Tangerang Selatan,106.7226635889224,-6.33321675,5,1,1,1,0,0,2022-08-14,783,0,1
3.0,2.0,72.0,55.0,Rumah,SHM - Sertifikat Hak Milik,725.0,5.0,Serpong,Tangerang Selatan,106.68073925095902,-6.3131287,3,1,1,1,0,0,2022-08-14,407,0,0
2.0,1.0,82.0,42.0,Rumah,SHM - Sertifikat Hak Milik,429.0,3.0,Pamulang,Tangerang Selatan,106.7226635889224,-6.33321675,2,1,0,1,0,0,2022-08-14,397,0,1
2.0,1.0,70.0,45.0,Rumah,SHM - Sertifikat Hak Milik,570.0,4.0,Pamulang,Tangerang Selatan,106.7226635889224,-6.33321675,4,1,1,1,0,0,2022-08-14,859,0,1
2.0,1.0,66.0,36.0,Rumah,SHM - Sertifikat Hak Milik,566.0,4.0,Pondok Aren,Tangerang Selatan,106.7149851402292,-6.2665205,5,1,1,1,0,0,2022-08-14,701,0,1
2.0,1.0,72.0,49.0,Rumah,SHM - Sertifikat Hak Milik,585.0,4.0,Bintaro,Tangerang Selatan,106.7476998,-6.2737145,5,1,1,1,0,0,2022-08-14,783,0,1
2.0,1.0,72.0,46.0,Rumah,SHM - Sertifikat Hak Milik,750.0,5.0,Serpong,Tangerang Selatan,106.68073925095902,-6.3131287,6,1,1,1,0,0,2022-08-14,1605,0,1
2.0,1.0,72.0,49.0,Rumah,SHM - Sertifikat Hak Milik,595.0,4.0,Serpong,Tangerang Selatan,106.68073925095902,-6.3131287,5,1,1,1,0,0,2022-08-14,783,0,1
2.0,1.0,72.0,49.0,Rumah,SHM - Sertifikat Hak Milik,585.0,4.0,Pamulang,Tangerang Selatan,106.7226635889224,-6.33321675,5,1,1,1,0,0,2022-08-14,783,0,1
3.0,1.0,66.0,52.0,Rumah,SHM - Sertifikat Hak Milik,770.0,5.0,Pamulang,Tangerang Selatan,106.7226635889224,-6.33321675,3,1,0,1,0,0,2022-08-14,578,0,0
3.0,1.0,60.0,60.0,Rumah,"Lainnya (PPJB,Girik,Adat,dll)",360.0,2.0,Pondok Aren,Tangerang Selatan,106.7149851402292,-6.2665205,1,0,0,0,0,0,2022-07-16,44,0,0
2.0,1.0,78.0,78.0,Rumah,SHM - Sertifikat Hak Milik,595.0,4.0,Ciputat,Tangerang Selatan,106.71841089195783,-6.31107785,6,1,1,1,0,0,2022-07-16,223,0,0
3.0,2.0,78.0,78.0,Rumah,SHM - Sertifikat Hak Milik,650.0,4.0,Ciputat,Tangerang Selatan,106.71841089195783,-6.31107785,6,1,1,1,0,0,2022-07-16,243,0,1
3.0,2.0,70.0,70.0,Rumah,SHM - Sertifikat Hak Milik,800.0,5.0,Pamulang,Tangerang Selatan,106.7226635889224,-6.33321675,6,1,1,1,0,0,2022-07-16,348,0,0
3.0,2.0,70.0,70.0,Rumah,SHM - Sertifikat Hak Milik,800.0,5.0,Serpong,Tangerang Selatan,106.68073925095902,-6.3131287,5,1,1,1,0,0,2022-07-16,226,0,0
3.0,2.0,66.0,70.0,Rumah,SHM - Sertifikat Hak Milik,690.0,4.0,Pamulang,Tangerang Selatan,106.7226635889224,-6.33321675,5,1,1,1,0,0,2022-07-16,1170,1,0
2.0,1.0,72.0,36.0,Rumah,SHM - Sertifikat Hak Milik,600.0,4.0,Pamulang,Tangerang Selatan,106.7226635889224,-6.33321675,1,0,0,0,0,0,2022-07-10,114,0,0
3.0,2.0,48.0,60.0,Rumah,SHM - Sertifikat Hak Milik,630.0,4.0,Ciputat Timur,Tangerang Selatan,106.75758240268806,-6.2979529,3,1,1,1,0,0,2022-06-05,790,0,1
2.0,1.0,73.0,38.0,Rumah,SHM - Sertifikat Hak Milik,750.0,5.0,Pamulang,Tangerang Selatan,106.7226635889224,-6.33321675,2,1,0,1,0,0,2022-06-05,598,1,1
2.0,1.0,60.0,40.0,Rumah,SHM - Sertifikat Hak Milik,450.0,3.0,Pamulang,Tangerang Selatan,106.7226635889224,-6.33321675,3,1,1,1,0,0,2022-06-05,707,0,1
3.0,2.0,72.0,55.0,Rumah,SHM - Sertifikat Hak Milik,725.0,5.0,Serpong,Tangerang Selatan,106.68073925095902,-6.3131287,2,1,0,1,0,0,2022-06-05,1095,0,1
3.0,1.0,110.0,100.0,Rumah,SHM - Sertifikat Hak Milik,800.0,5.0,Pamulang,Tangerang Selatan,106.7226635889224,-6.33321675,1,0,0,0,0,0,2022-06-05,136,0,0
2.0,1.0,80.0,45.0,Rumah,SHM - Sertifikat Hak Milik,390.0,2.0,Pamulang,Tangerang Selatan,106.7226635889224,-6.33321675,8,1,1,1,0,0,2022-02-26,101,0,0
2.0,1.0,60.0,30.0,Rumah,SHM - Sertifikat Hak Milik,400.0,2.0,Serpong,Tangerang Selatan,106.68073925095902,-6.3131287,8,1,1,1,0,0,2022-02-19,776,0,1
2.0,1.0,90.0,100.0,Rumah,SHM - Sertifikat Hak Milik,750.0,5.0,Pondok Aren,Tangerang Selatan,106.7149851402292,-6.2665205,1,0,0,0,0,0,2022-02-12,145,0,0
3.0,1.0,60.0,50.0,Rumah,SHM - Sertifikat Hak Milik,700.0,5.0,Serpong,Tangerang Selatan,106.68073925095902,-6.3131287,1,0,0,0,0,0,2019-08-31,571,0,1
2.0,1.0,66.0,50.0,Rumah,SHM - Sertifikat Hak Milik,750.0,5.0,Pondok Aren,Tangerang Selatan,106.7149851402292,-6.2665205,1,0,0,0,0,1,2019-08-10,189,0,1
2.0,1.0,72.0,36.0,Rumah,SHM - Sertifikat Hak Milik,495.0,3.0,Serpong,Tangerang Selatan,106.68073925095902,-6.3131287,3,0,1,1,0,0,2022-10-07,396,1,1
3.0,2.0,60.0,48.0,Rumah,SHM - Sertifikat Hak Milik,600.0,4.0,Pondok Aren,Tangerang Selatan,106.7149851402292,-6.2665205,2,1,0,0,0,0,2022-10-07,1061,0,1
3.0,2.0,110.0,100.0,Rumah,SHM - Sertifikat Hak Milik,735.0,5.0,Ciputat,Tangerang Selatan,106.71841089195783,-6.31107785,1,0,0,0,0,0,2022-09-10,138,0,0
2.0,2.0,214.0,63.0,Rumah,SHM - Sertifikat Hak Milik,500.0,3.0,Setu,Tangerang Selatan,106.66470020533322,-6.3419707,1,0,0,0,0,0,2022-08-19,105,0,0
3.0,2.0,64.0,60.0,Rumah,SHM - Sertifikat Hak Milik,655.0,4.0,Serpong,Tangerang Selatan,106.68073925095902,-6.3131287,4,1,1,0,0,0,2022-08-13,1207,1,1
2.0,1.0,72.0,44.0,Rumah,SHM - Sertifikat Hak Milik,725.0,5.0,Jelupang,Tangerang Selatan,106.6679955,-6.2659239,1,0,0,0,0,0,2022-07-15,335,0,0
3.0,2.0,60.0,50.0,Rumah,SHM - Sertifikat Hak Milik,600.0,4.0,Serpong,Tangerang Selatan,106.68073925095902,-6.3131287,5,1,1,1,0,0,2022-07-15,832,0,1
2.0,1.0,70.0,45.0,Rumah,SHM - Sertifikat Hak Milik,700.0,5.0,Pamulang,Tangerang Selatan,106.7226635889224,-6.33321675,4,1,1,1,0,0,2022-07-15,336,0,0
3.0,2.0,60.0,63.0,Rumah,SHM - Sertifikat Hak Milik,628.0,4.0,Ciputat Timur,Tangerang Selatan,106.75758240268806,-6.2979529,7,1,1,1,0,0,2022-07-15,728,0,1
3.0,2.0,60.0,50.0,Rumah,SHM - Sertifikat Hak Milik,600.0,4.0,Serpong,Tangerang Selatan,106.68073925095902,-6.3131287,5,1,1,1,0,0,2022-07-15,610,1,1
3.0,2.0,67.0,50.0,Rumah,SHM - Sertifikat Hak Milik,700.0,5.0,Pondok Aren,Tangerang Selatan,106.7149851402292,-6.2665205,4,1,1,1,0,0,2022-06-24,598,0,1
3.0,2.0,70.0,70.0,Rumah,SHM - Sertifikat Hak Milik,800.0,5.0,Pamulang,Tangerang Selatan,106.7226635889224,-6.33321675,3,1,0,1,0,0,2022-06-18,958,0,1
3.0,2.0,60.0,50.0,Rumah,SHM - Sertifikat Hak Milik,600.0,4.0,Bintaro,Tangerang Selatan,106.7476998,-6.2737145,4,1,1,1,0,0,2022-06-18,618,0,0
3.0,2.0,60.0,65.0,Rumah,SHM - Sertifikat Hak Milik,800.0,5.0,Ciputat,Tangerang Selatan,106.71841089195783,-6.31107785,2,1,0,1,0,0,2022-06-18,982,0,1
3.0,2.0,60.0,50.0,Rumah,SHM - Sertifikat Hak Milik,600.0,4.0,Pondok Aren,Tangerang Selatan,106.7149851402292,-6.2665205,6,1,1,1,0,0,2022-06-18,618,0,0
4.0,2.0,72.0,69.0,Rumah,SHM - Sertifikat Hak Milik,700.0,5.0,Pamulang,Tangerang Selatan,106.7226635889224,-6.33321675,7,1,1,1,0,0,2022-06-18,163,0,0
3.0,2.0,60.0,50.0,Rumah,SHM - Sertifikat Hak Milik,769.0,5.0,Bintaro,Tangerang Selatan,106.7476998,-6.2737145,4,1,0,1,0,0,2022-06-17,803,0,0
4.0,2.0,72.0,69.0,Rumah,SHM - Sertifikat Hak Milik,700.0,5.0,Ciputat Timur,Tangerang Selatan,106.75758240268806,-6.2979529,7,1,1,1,0,0,2022-06-17,95,0,0
3.0,2.0,64.0,48.0,Rumah,SHM - Sertifikat Hak Milik,700.0,5.0,Bintaro,Tangerang Selatan,106.7476998,-6.2737145,1,0,1,0,0,0,2022-04-22,853,1,1
3.0,2.0,64.0,48.0,Rumah,SHM - Sertifikat Hak Milik,700.0,5.0,Bintaro,Tangerang Selatan,106.7476998,-6.2737145,1,0,1,0,0,0,2022-04-22,853,1,1
2.0,1.0,82.0,50.0,Rumah,HGB - Hak Guna Bangunan,660.0,4.0,Sawangan,Depok,106.7828312,-6.3887831,2,1,0,1,0,0,2022-10-10,800,1,1
1.0,1.0,72.0,43.0,Rumah,SHM - Sertifikat Hak Milik,750.0,5.0,Sawangan,Depok,106.7828312,-6.3887831,2,1,0,1,0,0,2022-09-26,980,1,0
,,,,Rumah,,750.0,5.0,Sawangan,Depok,106.7828312,-6.3887831,2,1,0,1,0,0,2022-09-26,939,0,0
2.0,1.0,82.0,50.0,Rumah,HGB - Hak Guna Bangunan,660.0,4.0,Sawangan,Depok,106.7828312,-6.3887831,2,1,0,1,0,0,2022-09-26,720,1,1
2.0,1.0,72.0,72.0,Rumah,HGB - Hak Guna Bangunan,660.0,4.0,Cilodong,Depok,106.843683,-6.4249935,2,1,0,1,0,0,2022-09-26,879,0,1
3.0,1.0,98.0,68.0,Rumah,HGB - Hak Guna Bangunan,780.0,5.0,Cilodong,Depok,106.843683,-6.4249935,2,1,0,1,0,0,2022-09-12,930,0,1
2.0,1.0,96.0,71.0,Rumah,SHM - Sertifikat Hak Milik,800.0,5.0,Cilodong,Depok,106.843683,-6.4249935,2,1,0,1,0,0,2022-09-12,837,0,1
,,,,Rumah,,660.0,4.0,Citayam,Depok,106.8023351,-6.4489809,2,1,0,1,0,0,2022-09-12,785,1,1
3.0,2.0,74.0,70.0,Rumah,SHM - Sertifikat Hak Milik,799.0,5.0,Pancoran Mas,Depok,106.813217,-6.4128065,1,1,0,0,0,0,2022-10-08,554,0,1
2.0,1.0,72.0,42.0,Rumah,,780.0,5.0,Bojong Sari,Depok,106.7455636,-6.3997414,2,1,0,1,0,0,2022-09-30,945,0,0
2.0,1.0,63.0,37.0,Rumah,SHM - Sertifikat Hak Milik,550.0,3.0,Cimanggis,Depok,106.8663438,-6.373094,8,1,1,1,1,0,2022-09-23,659,0,1
2.0,1.0,68.0,40.0,Rumah,SHM - Sertifikat Hak Milik,400.0,2.0,Sawangan,Depok,106.7828312,-6.3887831,13,1,1,1,0,0,2022-09-23,912,0,1
3.0,1.0,98.0,68.0,Rumah,HGB - Hak Guna Bangunan,780.0,5.0,Cilodong,Depok,106.843683,-6.4249935,2,1,0,1,0,0,2022-09-23,961,0,1
1.0,1.0,72.0,43.0,Rumah,SHM - Sertifikat Hak Milik,750.0,5.0,Sawangan,Depok,106.7828312,-6.3887831,2,1,0,1,0,0,2022-09-16,941,0,0
2.0,1.0,82.0,50.0,Rumah,HGB - Hak Guna Bangunan,660.0,4.0,Sawangan,Depok,106.7828312,-6.3887831,2,1,0,1,0,0,2022-09-16,731,1,1
2.0,1.0,72.0,72.0,Rumah,HGB - Hak Guna Bangunan,660.0,4.0,Cilodong,Depok,106.843683,-6.4249935,2,1,0,1,0,0,2022-09-16,926,1,1
2.0,1.0,62.0,36.0,Rumah,SHM - Sertifikat Hak Milik,365.0,2.0,Citayam,Depok,106.8023351,-6.4489809,6,1,0,1,1,0,2022-10-06,789,0,1
2.0,1.0,80.0,45.0,Rumah,SHM - Sertifikat Hak Milik,660.0,4.0,Pancoran Mas,Depok,106.813217,-6.4128065,2,1,0,1,0,0,2022-09-23,649,1,1
3.0,2.0,72.0,90.0,Rumah,SHM - Sertifikat Hak Milik,793.0,5.0,Sawangan,Depok,106.7828312,-6.3887831,22,1,1,1,1,1,2022-09-22,1110,1,1
2.0,1.0,60.0,40.0,Rumah,SHM - Sertifikat Hak Milik,330.0,2.0,Pancoran Mas,Depok,106.813217,-6.4128065,18,1,1,1,1,1,2022-10-05,970,1,1
2.0,2.0,60.0,51.0,Rumah,SHM - Sertifikat Hak Milik,756.0,5.0,Beji,Depok,106.8126377,-6.3823199,15,1,1,1,1,1,2022-10-07,989,0,1
3.0,1.0,72.0,52.0,Rumah,SHM - Sertifikat Hak Milik,650.0,4.0,Sawangan,Depok,106.7828312,-6.3887831,19,1,1,1,1,1,2022-10-07,967,0,1
3.0,1.0,72.0,52.0,Rumah,SHM - Sertifikat Hak Milik,630.0,4.0,Bojong Sari,Depok,106.7455636,-6.3997414,12,1,1,1,1,0,2022-10-07,944,0,1
3.0,2.0,68.0,56.0,Rumah,SHM - Sertifikat Hak Milik,774.0,5.0,Cinangka,Depok,106.7616063,-6.3737882,12,1,1,1,0,0,2022-10-07,1122,1,1
2.0,1.0,96.0,54.0,Rumah,SHM - Sertifikat Hak Milik,596.0,4.0,Cilodong,Depok,106.843683,-6.4249935,1,0,0,0,0,0,2022-10-06,922,0,0
2.0,2.0,56.0,40.0,Rumah,SHM - Sertifikat Hak Milik,589.0,4.0,Sawangan,Depok,106.7828312,-6.3887831,8,1,1,1,0,0,2022-10-10,490,0,1
2.0,2.0,56.0,46.0,Rumah,SHM - Sertifikat Hak Milik,599.0,4.0,Sawangan,Depok,106.7828312,-6.3887831,8,1,1,1,0,0,2022-10-10,490,0,1
2.0,1.0,72.0,50.0,Rumah,SHM - Sertifikat Hak Milik,550.0,3.0,Sawangan,Depok,106.7828312,-6.3887831,1,0,0,0,0,0,2022-09-26,883,0,0
2.0,1.0,66.0,45.0,Rumah,SHM - Sertifikat Hak Milik,700.0,5.0,Kukusan,Depok,106.8181559,-6.3660476,4,1,0,1,1,0,2022-09-12,325,0,0
2.0,1.0,56.0,37.0,Rumah,SHM - Sertifikat Hak Milik,600.0,4.0,Depok II,Depok,106.8367057,-6.4220276,4,1,1,1,0,0,2022-09-12,252,0,0
2.0,1.0,72.0,45.0,Rumah,SHM - Sertifikat Hak Milik,550.0,3.0,Cilodong,Depok,106.843683,-6.4249935,5,1,1,1,0,0,2022-09-12,563,0,1
3.0,2.0,70.0,60.0,Rumah,SHM - Sertifikat Hak Milik,800.0,5.0,Sawangan,Depok,106.7828312,-6.3887831,8,1,1,1,0,0,2022-08-29,939,0,1
2.0,1.0,75.0,36.0,Rumah,SHM - Sertifikat Hak Milik,390.0,2.0,Citayam,Depok,106.8023351,-6.4489809,2,1,0,1,0,0,2022-08-29,56,0,0
2.0,1.0,46.0,36.0,Rumah,SHM - Sertifikat Hak Milik,575.0,4.0,Beji,Depok,106.8126377,-6.3823199,2,1,0,1,0,0,2022-07-10,582,1,0
4.0,1.0,96.0,120.0,Rumah,SHM - Sertifikat Hak Milik,800.0,5.0,Sukatani,Depok,106.8877561,-6.3928961,1,0,0,1,0,0,2022-07-10,507,0,0
,,,,Rumah,,750.0,5.0,Cinere,Depok,106.7742824,-6.3492072,4,1,0,1,0,0,2022-07-10,412,0,0
2.0,2.0,90.0,40.0,Rumah,HGB - Hak Guna Bangunan,800.0,5.0,Bojong Sari,Depok,106.7455636,-6.3997414,1,0,0,0,0,0,2022-07-10,828,0,1
2.0,1.0,84.0,54.0,Rumah,SHM - Sertifikat Hak Milik,550.0,3.0,Sawangan,Depok,106.7828312,-6.3887831,1,1,0,0,0,0,2022-07-04,308,0,0
2.0,1.0,65.0,45.0,Rumah,SHM - Sertifikat Hak Milik,325.0,2.0,Sawangan,Depok,106.7828312,-6.3887831,1,0,0,0,0,0,2022-07-04,781,0,1
3.0,2.0,56.0,68.0,Rumah,SHM - Sertifikat Hak Milik,780.0,5.0,Cinangka,Depok,106.7616063,-6.3737882,5,1,1,1,0,0,2022-07-04,697,0,1
3.0,2.0,66.0,56.0,Rumah,SHM - Sertifikat Hak Milik,639.0,4.0,Cimanggis,Depok,106.8663438,-6.373094,2,1,0,1,0,0,2022-06-12,599,0,1
2.0,1.0,128.0,48.0,Rumah,SHM - Sertifikat Hak Milik,700.0,5.0,Bojong Sari,Depok,106.7455636,-6.3997414,2,1,0,1,0,0,2022-06-12,1025,1,1
3.0,2.0,60.0,85.0,Rumah,"Lainnya (PPJB,Girik,Adat,dll)",600.0,4.0,Pangkalan Jati,Depok,106.78368771164837,-6.3203549500000005,1,0,0,0,0,0,2022-06-12,301,1,1
3.0,2.0,54.0,46.0,Rumah,SHM - Sertifikat Hak Milik,535.0,3.0,Cibubur,Depok,106.8962726,-6.3757917,3,1,0,1,0,0,2022-06-06,749,0,1
3.0,2.0,60.0,60.0,Rumah,SHM - Sertifikat Hak Milik,725.0,5.0,Cilodong,Depok,106.843683,-6.4249935,4,1,0,1,0,0,2022-06-06,977,1,1
3.0,2.0,60.0,54.0,Rumah,SHM - Sertifikat Hak Milik,747.0,5.0,Cimanggis,Depok,106.8663438,-6.373094,5,1,0,1,0,0,2022-06-06,768,0,1
2.0,1.0,78.0,45.0,Rumah,SHM - Sertifikat Hak Milik,500.0,3.0,Cilodong,Depok,106.843683,-6.4249935,1,0,0,0,0,0,2022-06-06,234,0,0
2.0,1.0,84.0,45.0,Rumah,SHM - Sertifikat Hak Milik,500.0,3.0,Sawangan,Depok,106.7828312,-6.3887831,1,0,0,0,0,0,2022-06-06,236,0,0
2.0,1.0,75.0,60.0,Rumah,SHM - Sertifikat Hak Milik,435.0,3.0,Bojong Sari,Depok,106.7455636,-6.3997414,3,1,0,1,0,0,2022-06-05,34,0,0
2.0,2.0,78.0,57.0,Rumah,SHM - Sertifikat Hak Milik,700.0,5.0,Sawangan,Depok,106.7828312,-6.3887831,6,1,1,1,0,0,2022-06-05,690,0,0
2.0,1.0,85.0,45.0,Rumah,SHM - Sertifikat Hak Milik,775.0,5.0,Bojong Sari,Depok,106.7455636,-6.3997414,1,0,0,1,0,0,2022-06-05,875,0,1
2.0,1.0,85.0,45.0,Rumah,SHM - Sertifikat Hak Milik,775.0,5.0,Bojong Sari,Depok,106.7455636,-6.3997414,1,0,0,1,0,0,2022-06-05,875,0,1
2.0,1.0,73.0,45.0,Rumah,SHM - Sertifikat Hak Milik,592.0,4.0,Cipayung,Depok,106.7970684,-6.4370035,4,1,0,1,0,0,2022-04-18,521,1,0
2.0,1.0,69.0,45.0,Rumah,SHM - Sertifikat Hak Milik,620.0,4.0,Pancoran Mas,Depok,106.813217,-6.4128065,4,1,0,1,0,0,2022-04-18,767,0,1
2.0,1.0,73.0,45.0,Rumah,SHM - Sertifikat Hak Milik,592.0,4.0,Sawangan,Depok,106.7828312,-6.3887831,2,1,0,0,0,0,2022-04-18,571,1,1
2.0,1.0,45.0,57.0,Rumah,SHM - Sertifikat Hak Milik,580.0,4.0,Cilodong,Depok,106.843683,-6.4249935,4,1,1,1,0,0,2022-04-18,557,1,1
2.0,1.0,72.0,45.0,Rumah,SHM - Sertifikat Hak Milik,685.0,4.0,Cimanggis,Depok,106.8663438,-6.373094,2,0,0,0,0,1,2022-04-18,954,0,1
2.0,1.0,72.0,45.0,Rumah,SHM - Sertifikat Hak Milik,685.0,4.0,Cimanggis,Depok,106.8663438,-6.373094,2,0,0,0,0,1,2022-04-18,961,0,1
2.0,1.0,36.0,67.0,Rumah,SHM - Sertifikat Hak Milik,395.0,2.0,Citayam,Depok,106.8023351,-6.4489809,2,1,0,1,0,0,2022-04-18,708,1,1
3.0,2.0,65.0,77.0,Rumah,SHM - Sertifikat Hak Milik,782.0,5.0,Beji,Depok,106.8126377,-6.3823199,6,1,1,1,0,0,2022-01-17,710,0,0
3.0,2.0,55.0,67.0,Rumah,SHM - Sertifikat Hak Milik,757.0,5.0,Cilodong,Depok,106.843683,-6.4249935,6,1,1,1,0,0,2022-01-17,710,0,0
2.0,1.0,72.0,50.0,Rumah,SHM - Sertifikat Hak Milik,385.0,2.0,Citayam,Depok,106.8023351,-6.4489809,1,0,0,0,0,0,2022-01-16,283,0,1
2.0,1.0,60.0,60.0,Rumah,SHM - Sertifikat Hak Milik,650.0,4.0,Margonda,Depok,106.8444204,-6.3788856,2,1,0,1,0,0,2022-01-10,436,0,1
2.0,2.0,40.0,70.0,Rumah,SHM - Sertifikat Hak Milik,350.0,2.0,Sawangan,Depok,106.7828312,-6.3887831,1,0,0,0,0,0,2022-01-10,107,0,0
2.0,1.0,72.0,36.0,Rumah,SHM - Sertifikat Hak Milik,468.0,3.0,Sawangan,Depok,106.7828312,-6.3887831,2,1,0,1,0,0,2021-04-11,416,0,1
1.0,1.0,35.0,96.0,Rumah,"Lainnya (PPJB,Girik,Adat,dll)",800.0,5.0,Sawangan,Depok,106.7828312,-6.3887831,1,0,0,0,0,0,2021-03-28,973,0,1
1.0,1.0,100.0,100.0,Rumah,SHM - Sertifikat Hak Milik,450.0,3.0,Cinangka,Depok,106.7616063,-6.3737882,1,0,0,0,0,0,2021-03-28,61,0,1
2.0,1.0,88.0,52.0,Rumah,SHM - Sertifikat Hak Milik,615.0,4.0,Limo,Depok,106.7699974,-6.3652567,9,1,0,1,1,0,2022-10-09,765,0,0
,,75.0,33.0,Rumah,SHM - Sertifikat Hak Milik,365.0,2.0,Citayam,Depok,106.8023351,-6.4489809,1,0,0,0,0,0,2022-10-08,597,0,1
2.0,1.0,40.0,60.0,Rumah,SHM - Sertifikat Hak Milik,405.0,2.0,Depok II,Depok,106.8367057,-6.4220276,16,1,1,1,1,1,2022-09-24,933,0,1
2.0,1.0,82.0,40.0,Rumah,SHM - Sertifikat Hak Milik,535.0,3.0,Cilodong,Depok,106.843683,-6.4249935,1,0,0,0,0,0,2022-09-18,996,0,1
2.0,1.0,104.0,45.0,Rumah,SHM - Sertifikat Hak Milik,495.0,3.0,Cipayung,Depok,106.7970684,-6.4370035,2,1,0,0,0,0,2022-08-28,449,0,1
2.0,1.0,62.0,45.0,Rumah,SHM - Sertifikat Hak Milik,450.0,3.0,Beji,Depok,106.8126377,-6.3823199,4,1,1,1,0,0,2022-08-06,534,0,1
,,,,Rumah,,600.0,4.0,Cilodong,Depok,106.843683,-6.4249935,4,1,0,1,0,0,2022-08-06,545,0,1
2.0,2.0,97.0,45.0,Rumah,HGB - Hak Guna Bangunan,780.0,5.0,Bojong Sari,Depok,106.7455636,-6.3997414,4,1,1,1,0,0,2022-07-09,53,0,0
2.0,1.0,72.0,45.0,Rumah,SHM - Sertifikat Hak Milik,466.0,3.0,Cipayung,Depok,106.7970684,-6.4370035,2,1,0,1,0,0,2022-07-09,700,1,1
,,,,Rumah,,750.0,5.0,Cinere,Depok,106.7742824,-6.3492072,5,1,1,1,0,0,2022-07-09,470,0,0
4.0,2.0,71.0,120.0,Rumah,SHM - Sertifikat Hak Milik,600.0,4.0,Pancoran Mas,Depok,106.813217,-6.4128065,2,1,0,0,0,0,2022-07-09,388,0,1
3.0,2.0,67.0,70.0,Rumah,SHM - Sertifikat Hak Milik,700.0,5.0,Cinangka,Depok,106.7616063,-6.3737882,3,1,1,1,0,0,2022-07-09,465,1,0
2.0,1.0,60.0,36.0,Rumah,HGB - Hak Guna Bangunan,385.0,2.0,Citayam,Depok,106.8023351,-6.4489809,5,1,1,1,0,0,2022-05-28,176,0,1
2.0,2.0,48.0,54.0,Rumah,SHM - Sertifikat Hak Milik,649.0,4.0,Tapos,Depok,106.88921185637969,-6.41809595,2,1,0,1,0,0,2022-05-22,337,0,1
2.0,1.0,75.0,40.0,Rumah,SHM - Sertifikat Hak Milik,475.0,3.0,Bojong Sari,Depok,106.7455636,-6.3997414,3,1,0,1,0,0,2022-05-22,813,0,1
2.0,1.0,72.0,72.0,Rumah,SHM - Sertifikat Hak Milik,420.0,3.0,Bojong Sari,Depok,106.7455636,-6.3997414,2,0,0,1,0,0,2022-05-22,568,0,1
2.0,1.0,84.0,45.0,Rumah,SHM - Sertifikat Hak Milik,380.0,2.0,Pancoran Mas,Depok,106.813217,-6.4128065,4,1,0,1,0,0,2022-05-22,260,0,1
3.0,2.0,115.0,85.0,Rumah,SHM - Sertifikat Hak Milik,800.0,5.0,Pancoran Mas,Depok,106.813217,-6.4128065,2,0,0,1,0,0,2022-05-22,424,0,0
2.0,1.0,72.0,38.0,Rumah,SHM - Sertifikat Hak Milik,525.0,3.0,Bojong Sari,Depok,106.7455636,-6.3997414,3,1,0,1,0,0,2022-05-22,694,0,1
2.0,1.0,60.0,45.0,Rumah,SHM - Sertifikat Hak Milik,465.0,3.0,Depok II,Depok,106.8367057,-6.4220276,8,1,1,1,0,0,2022-05-22,133,0,1
2.0,1.0,60.0,40.0,Rumah,SHM - Sertifikat Hak Milik,350.0,2.0,Sawangan,Depok,106.7828312,-6.3887831,10,1,1,1,0,0,2022-02-26,986,0,1
2.0,1.0,60.0,40.0,Rumah,SHM - Sertifikat Hak Milik,350.0,2.0,Sawangan,Depok,106.7828312,-6.3887831,11,1,1,1,0,0,2022-02-26,986,0,1
2.0,1.0,97.0,70.0,Rumah,SHM - Sertifikat Hak Milik,799.0,5.0,Jati Asih,Bekasi,106.958178,-6.2920201,2,1,0,1,0,0,2022-09-26,848,1,0
2.0,1.0,72.0,36.0,Rumah,SHM - Sertifikat Hak Milik,680.0,4.0,Mustikajaya,Bekasi,107.0343042,-6.2965187,2,1,0,1,0,0,2022-09-12,856,1,1
2.0,1.0,60.0,36.0,Rumah,SHM - Sertifikat Hak Milik,300.0,2.0,Bekasi,Bekasi,106.9992869,-6.2363849,10,1,1,1,0,0,2022-10-02,145,0,1
2.0,1.0,60.0,36.0,Rumah,SHM - Sertifikat Hak Milik,300.0,2.0,Setu,Bekasi,107.0666025,-6.3150931,5,1,1,1,0,0,2022-10-01,99,0,0
2.0,1.0,60.0,55.0,Rumah,SHM - Sertifikat Hak Milik,575.0,4.0,Bekasi Kota,Bekasi,106.9992869,-6.2363849,7,0,1,1,1,0,2022-10-08,479,0,1
2.0,2.0,60.0,48.0,Rumah,SHM - Sertifikat Hak Milik,500.0,3.0,Cibitung,Bekasi,107.0836549,-6.2618811,7,1,1,1,0,0,2022-10-07,328,0,0
2.0,2.0,60.0,48.0,Rumah,SHM - Sertifikat Hak Milik,500.0,3.0,Cibubur,Bekasi,106.91832087997233,-6.3936607,7,1,1,1,0,0,2022-10-07,328,0,0
2.0,1.0,72.0,36.0,Rumah,SHM - Sertifikat Hak Milik,680.0,4.0,Mustikajaya,Bekasi,107.0343042,-6.2965187,4,1,0,1,1,0,2022-10-07,856,1,1
2.0,1.0,78.0,54.0,Rumah,SHM - Sertifikat Hak Milik,750.0,5.0,Jati Asih,Bekasi,106.958178,-6.2920201,11,1,1,1,1,0,2022-09-30,841,1,0
2.0,1.0,72.0,36.0,Rumah,SHM - Sertifikat Hak Milik,680.0,4.0,Mustikajaya,Bekasi,107.0343042,-6.2965187,2,1,0,1,0,0,2022-09-23,943,0,1
2.0,1.0,64.0,47.0,Rumah,SHM - Sertifikat Hak Milik,500.0,3.0,Jati Asih,Bekasi,106.958178,-6.2920201,7,1,0,1,1,0,2022-09-16,472,1,0
2.0,2.0,65.0,53.0,Rumah,SHM - Sertifikat Hak Milik,600.0,4.0,Jati Asih,Bekasi,106.958178,-6.2920201,10,1,0,1,1,0,2022-09-16,414,0,0
2.0,1.0,72.0,36.0,Rumah,SHM - Sertifikat Hak Milik,680.0,4.0,Mustikajaya,Bekasi,107.0343042,-6.2965187,2,1,0,1,0,0,2022-09-29,943,0,1
2.0,1.0,97.0,70.0,Rumah,SHM - Sertifikat Hak Milik,799.0,5.0,Jati Asih,Bekasi,106.958178,-6.2920201,2,1,0,1,0,0,2022-09-29,823,0,0
2.0,1.0,97.0,70.0,Rumah,SHM - Sertifikat Hak Milik,799.0,5.0,Jati Asih,Bekasi,106.958178,-6.2920201,2,1,0,1,0,0,2022-09-28,823,0,0
2.0,1.0,75.0,48.0,Rumah,SHM - Sertifikat Hak Milik,625.0,4.0,Rawalumbu,Bekasi,107.0003803,-6.2743153,7,1,1,1,0,0,2022-09-21,310,1,0
2.0,1.0,97.0,70.0,Rumah,SHM - Sertifikat Hak Milik,799.0,5.0,Bekasi,Bekasi,106.9992869,-6.2363849,2,1,0,1,0,0,2022-09-07,848,1,0
2.0,1.0,72.0,36.0,Rumah,SHM - Sertifikat Hak Milik,680.0,4.0,Mustikajaya,Bekasi,107.0343042,-6.2965187,2,1,0,1,0,0,2022-09-28,856,1,1
2.0,1.0,65.0,38.0,Rumah,,398.0,2.0,Bekasi Timur,Bekasi,107.0149624,-6.2621178,1,0,0,0,0,0,2022-09-06,326,1,0
2.0,1.0,52.0,36.0,Rumah,SHM - Sertifikat Hak Milik,476.0,3.0,Jatiwarna,Bekasi,106.9319108,-6.3098164,3,1,1,1,0,0,2022-10-04,913,1,1
2.0,1.0,60.0,110.0,Rumah,SHM - Sertifikat Hak Milik,495.0,3.0,Bekasi Utara,Bekasi,107.0149624,-6.2621178,1,0,0,0,0,0,2022-10-10,420,1,0
3.0,2.0,90.0,160.0,Rumah,SHM - Sertifikat Hak Milik,675.0,4.0,Harapan Baru,Bekasi,107.021187,-6.2126605,6,1,0,1,0,0,2022-10-10,318,0,1
2.0,1.0,66.0,55.0,Rumah,SHM - Sertifikat Hak Milik,345.0,2.0,Babelan,Bekasi,107.0470959,-6.1486085,5,1,0,1,1,0,2022-10-10,345,1,1
1.0,1.0,90.0,90.0,Rumah,SHM - Sertifikat Hak Milik,480.0,3.0,Tambun Selatan,Bekasi,107.0186634,-6.2673062,13,1,1,1,0,1,2022-10-10,154,1,0
2.0,1.0,119.0,80.0,Rumah,SHM - Sertifikat Hak Milik,750.0,5.0,Pondok Ungu,Bekasi,107.00562820970123,-6.17784095,4,1,0,1,0,0,2022-10-10,661,0,0
3.0,2.0,66.0,73.0,Rumah,SHM - Sertifikat Hak Milik,761.0,5.0,Jati Asih,Bekasi,106.958178,-6.2920201,2,0,0,1,1,0,2022-10-03,575,1,0
3.0,2.0,55.0,75.0,Rumah,SHM - Sertifikat Hak Milik,699.0,5.0,Jati Asih,Bekasi,106.958178,-6.2920201,5,1,0,1,0,0,2022-10-03,1178,0,0
2.0,1.0,64.0,47.0,Rumah,SHM - Sertifikat Hak Milik,500.0,3.0,Jatimakmur,Bekasi,106.9256285,-6.2846812,1,0,0,0,0,0,2022-09-18,616,1,0
,,120.0,100.0,Rumah,SHM - Sertifikat Hak Milik,550.0,3.0,Bekasi,Bekasi,106.9992869,-6.2363849,1,0,0,1,0,0,2022-09-11,296,0,0
2.0,1.0,55.0,30.0,Rumah,SHM - Sertifikat Hak Milik,480.0,3.0,Summarecon Bekasi,Bekasi,106.99208998242136,-6.2232784,2,1,0,1,0,0,2022-09-11,584,1,0
2.0,2.0,64.0,53.0,Rumah,SHM - Sertifikat Hak Milik,698.0,5.0,Pekayon,Bekasi,106.9846826,-6.2618166,1,0,0,0,0,0,2022-09-11,750,0,1
3.0,2.0,55.0,64.0,Rumah,SHM - Sertifikat Hak Milik,635.0,4.0,Jati Asih,Bekasi,106.958178,-6.2920201,3,1,0,1,0,0,2022-08-29,824,1,1
2.0,1.0,75.0,35.0,Rumah,"Lainnya (PPJB,Girik,Adat,dll)",675.0,4.0,Bekasi,Bekasi,106.9992869,-6.2363849,1,0,0,0,0,0,2022-08-29,182,0,0
2.0,1.0,72.0,45.0,Rumah,SHM - Sertifikat Hak Milik,431.0,3.0,Babelan,Bekasi,107.0470959,-6.1486085,5,1,1,1,0,0,2022-08-15,991,0,1
2.0,1.0,72.0,40.0,Rumah,SHM - Sertifikat Hak Milik,500.0,3.0,Tambun Utara,Bekasi,107.0447946,-6.233324,7,1,1,1,0,0,2022-08-15,463,1,1
2.0,1.0,84.0,52.0,Rumah,SHM - Sertifikat Hak Milik,777.0,5.0,Cimuning,Bekasi,107.0280096,-6.3261614,7,1,1,1,0,0,2022-08-14,361,0,0
2.0,1.0,78.0,60.0,Rumah,SHM - Sertifikat Hak Milik,650.0,4.0,Bekasi Kota,Bekasi,106.9992869,-6.2363849,4,1,0,1,0,0,2022-08-14,491,0,0
2.0,1.0,60.0,60.0,Rumah,SHM - Sertifikat Hak Milik,550.0,3.0,Harapan Indah,Bekasi,106.9768346,-6.1938114,1,0,0,1,0,0,2022-08-14,133,0,0
2.0,1.0,60.0,30.0,Rumah,HGB - Hak Guna Bangunan,420.0,3.0,Jati Asih,Bekasi,106.958178,-6.2920201,1,0,0,0,0,0,2022-08-14,383,0,0
2.0,1.0,97.0,45.0,Rumah,SHM - Sertifikat Hak Milik,360.0,2.0,Setu,Bekasi,107.0666025,-6.3150931,7,1,1,1,0,0,2022-08-14,50,0,0
2.0,1.0,36.0,65.0,Rumah,SHM - Sertifikat Hak Milik,317.0,2.0,Bekasi Utara,Bekasi,107.0149624,-6.2621178,4,1,1,1,0,0,2022-08-01,324,0,0
2.0,1.0,69.0,36.0,Rumah,SHM - Sertifikat Hak Milik,411.0,2.0,Tambun Utara,Bekasi,107.0447946,-6.233324,4,1,1,1,0,0,2022-08-01,77,0,0
2.0,1.0,74.0,45.0,Rumah,SHM - Sertifikat Hak Milik,554.0,3.0,Tambun Utara,Bekasi,107.0447946,-6.233324,7,1,1,1,0,0,2022-08-01,384,0,0
2.0,1.0,60.0,60.0,Rumah,SHM - Sertifikat Hak Milik,360.0,2.0,Bekasi,Bekasi,106.9992869,-6.2363849,6,1,1,1,0,0,2022-08-01,79,0,0
2.0,1.0,60.0,36.0,Rumah,SHM - Sertifikat Hak Milik,345.0,2.0,Setu,Bekasi,107.0666025,-6.3150931,7,1,1,1,0,0,2022-07-31,868,1,1
2.0,1.0,60.0,36.0,Rumah,SHM - Sertifikat Hak Milik,375.0,2.0,Bekasi Timur,Bekasi,107.0149624,-6.2621178,4,0,1,1,0,0,2022-07-31,137,0,0
2.0,1.0,87.0,40.0,Rumah,SHM - Sertifikat Hak Milik,497.0,3.0,Bekasi Utara,Bekasi,107.0149624,-6.2621178,8,1,1,1,0,0,2022-07-31,857,1,1
3.0,1.0,72.0,60.0,Rumah,SHM - Sertifikat Hak Milik,600.0,4.0,Narogong,Bekasi,107.0078315,-6.2773666,5,1,1,1,0,0,2022-07-31,211,0,0
2.0,1.0,60.0,36.0,Rumah,SHM - Sertifikat Hak Milik,436.0,3.0,Bekasi Timur,Bekasi,107.0149624,-6.2621178,8,1,1,1,0,0,2022-07-31,287,0,1
2.0,1.0,66.0,38.0,Rumah,SHM - Sertifikat Hak Milik,361.0,2.0,Grand Wisata,Bekasi,107.04761460690145,-6.280589,7,1,1,1,0,0,2022-07-31,664,1,0
2.0,1.0,90.0,45.0,Rumah,SHM - Sertifikat Hak Milik,325.0,2.0,Mustikajaya,Bekasi,107.0343042,-6.2965187,5,1,1,1,0,0,2022-07-31,87,0,0
2.0,1.0,90.0,36.0,Rumah,SHM - Sertifikat Hak Milik,303.0,2.0,Sukatani,Bekasi,106.9900786,-6.2799743,3,1,1,0,0,0,2022-07-31,1033,1,1
2.0,1.0,66.0,55.0,Rumah,"Lainnya (PPJB,Girik,Adat,dll)",385.0,2.0,Bekasi Utara,Bekasi,107.0149624,-6.2621178,1,0,0,0,0,0,2022-07-18,327,1,0
2.0,1.0,72.0,60.0,Rumah,SHM - Sertifikat Hak Milik,650.0,4.0,Bekasi Utara,Bekasi,107.0149624,-6.2621178,1,0,0,0,0,0,2022-07-18,327,0,1
4.0,2.0,140.0,120.0,Rumah,SHM - Sertifikat Hak Milik,725.0,5.0,Babelan,Bekasi,107.0470959,-6.1486085,1,0,0,1,0,0,2022-07-18,600,0,0
2.0,1.0,60.0,45.0,Rumah,SHM - Sertifikat Hak Milik,360.0,2.0,Tambun Selatan,Bekasi,107.0186634,-6.2673062,5,1,1,1,0,0,2022-07-18,912,1,1
2.0,1.0,94.0,45.0,Rumah,HGB - Hak Guna Bangunan,700.0,5.0,Harapan Indah,Bekasi,106.9768346,-6.1938114,2,1,0,1,0,0,2022-07-18,401,1,0
2.0,1.0,80.0,36.0,Rumah,HGB - Hak Guna Bangunan,500.0,3.0,Bekasi,Bekasi,106.9992869,-6.2363849,1,0,0,0,0,0,2022-07-18,158,0,0
2.0,1.0,94.0,45.0,Rumah,HGB - Hak Guna Bangunan,700.0,5.0,Harapan Indah,Bekasi,106.9768346,-6.1938114,1,0,0,1,0,0,2022-07-18,401,1,0
2.0,1.0,72.0,45.0,Rumah,SHM - Sertifikat Hak Milik,450.0,3.0,Babelan,Bekasi,107.0470959,-6.1486085,4,1,0,1,0,0,2022-07-10,678,0,0
3.0,2.0,47.0,60.0,Rumah,SHM - Sertifikat Hak Milik,600.0,4.0,Cibubur,Bekasi,106.91832087997233,-6.3936607,3,1,1,1,0,0,2022-07-10,934,0,1
3.0,2.0,78.0,90.0,Rumah,SHM - Sertifikat Hak Milik,600.0,4.0,Jatimakmur,Bekasi,106.9256285,-6.2846812,2,0,0,1,0,0,2022-07-10,149,0,0
3.0,2.0,72.0,72.0,Rumah,SHM - Sertifikat Hak Milik,770.0,5.0,Bekasi Utara,Bekasi,107.0149624,-6.2621178,1,0,0,0,0,0,2022-07-10,383,1,0
2.0,1.0,63.0,50.0,Rumah,SHM - Sertifikat Hak Milik,365.0,2.0,Babelan,Bekasi,107.0470959,-6.1486085,1,0,0,0,0,0,2022-07-10,665,0,1
2.0,1.0,72.0,72.0,Rumah,SHM - Sertifikat Hak Milik,525.0,3.0,Harapan Indah,Bekasi,106.9768346,-6.1938114,1,0,0,1,0,0,2022-06-26,415,1,0
3.0,2.0,93.0,70.0,Rumah,SHM - Sertifikat Hak Milik,675.0,4.0,Tambun Utara,Bekasi,107.0447946,-6.233324,2,0,0,1,0,0,2022-06-26,640,0,1
3.0,2.0,90.0,42.0,Rumah,SHM - Sertifikat Hak Milik,650.0,4.0,Cimuning,Bekasi,107.0280096,-6.3261614,2,0,0,1,0,0,2022-06-26,238,1,0
2.0,1.0,153.0,1.0,Rumah,SHM - Sertifikat Hak Milik,445.0,3.0,Bekasi Timur,Bekasi,107.0149624,-6.2621178,1,0,0,0,0,0,2022-06-13,582,0,1
2.0,1.0,60.0,30.0,Rumah,SHM - Sertifikat Hak Milik,300.0,2.0,Bekasi Barat,Bekasi,106.985212,-6.2508909,6,1,1,1,0,0,2022-06-13,855,0,1
3.0,2.0,96.0,85.0,Rumah,SHM - Sertifikat Hak Milik,400.0,2.0,Pondok Ungu,Bekasi,107.00562820970123,-6.17784095,1,0,0,1,0,0,2022-05-29,180,0,0
2.0,1.0,77.0,60.0,Rumah,SHM - Sertifikat Hak Milik,515.0,3.0,Harapan Indah,Bekasi,106.9768346,-6.1938114,1,0,0,0,0,0,2022-05-29,166,0,0
2.0,1.0,50.0,43.0,Rumah,HGB - Hak Guna Bangunan,658.0,4.0,Jababeka,Bekasi,107.17582471646689,-6.29884675,4,1,1,1,0,0,2022-05-09,706,0,1
,,,,Rumah,,460.0,3.0,Setu,Bekasi,107.0666025,-6.3150931,2,0,0,0,0,1,2022-04-18,801,0,1
2.0,1.0,72.0,33.0,Rumah,HGB - Hak Guna Bangunan,560.0,4.0,Setu,Bekasi,107.0666025,-6.3150931,5,1,1,1,0,0,2022-04-18,928,0,1
2.0,1.0,60.0,32.0,Rumah,SHM - Sertifikat Hak Milik,345.0,2.0,Cibubur,Bekasi,106.91832087997233,-6.3936607,4,1,1,1,0,0,2022-03-06,966,1,1
3.0,2.0,112.0,90.0,Rumah,SHM - Sertifikat Hak Milik,780.0,5.0,Pondok Ungu,Bekasi,107.00562820970123,-6.17784095,5,1,1,1,0,0,2022-02-27,473,1,0
3.0,1.0,73.0,50.0,Rumah,SHM - Sertifikat Hak Milik,775.0,5.0,Jatiasih,Bekasi,106.9636695,-6.2936589,4,1,1,1,0,0,2022-02-27,527,1,0
3.0,1.0,73.0,50.0,Rumah,SHM - Sertifikat Hak Milik,775.0,5.0,Jatiasih,Bekasi,106.9636695,-6.2936589,1,0,0,0,0,0,2022-02-21,586,1,0
2.0,1.0,60.0,36.0,Rumah,SHM - Sertifikat Hak Milik,385.0,2.0,Cibitung,Bekasi,107.0836549,-6.2618811,8,1,1,1,0,0,2022-02-21,672,1,0
2.0,1.0,90.0,90.0,Rumah,SHM - Sertifikat Hak Milik,800.0,5.0,Duta Harapan,Bekasi,107.01292594861941,-6.21411125,3,1,0,1,0,0,2021-11-14,407,1,1
2.0,1.0,84.0,36.0,Rumah,SHM - Sertifikat Hak Milik,650.0,4.0,Cikarang,Bekasi,107.1502914,-6.2626649,1,0,0,0,0,0,2021-11-08,1741,0,1
3.0,1.0,96.0,70.0,Rumah,SHM - Sertifikat Hak Milik,625.0,4.0,Pondok Ungu,Bekasi,107.00562820970123,-6.17784095,2,0,0,1,0,0,2021-11-08,226,0,1
2.0,1.0,60.0,40.0,Rumah,,415.0,2.0,Pondok Ungu,Bekasi,107.00562820970123,-6.17784095,1,0,0,0,0,0,2021-11-08,244,0,0
2.0,1.0,72.0,50.0,Rumah,SHM - Sertifikat Hak Milik,600.0,4.0,Bekasi,Bekasi,106.9992869,-6.2363849,5,1,1,1,0,0,2021-11-07,503,0,1
2.0,1.0,60.0,40.0,Rumah,SHM - Sertifikat Hak Milik,462.0,3.0,Pondok Ungu,Bekasi,107.00562820970123,-6.17784095,1,0,0,1,0,0,2021-11-07,215,0,1
2.0,1.0,60.0,45.0,Rumah,SHM - Sertifikat Hak Milik,470.0,3.0,Pondok Ungu,Bekasi,107.00562820970123,-6.17784095,4,1,0,1,0,0,2021-10-31,235,1,1
2.0,1.0,61.0,36.0,Rumah,SHM - Sertifikat Hak Milik,365.0,2.0,Grand Wisata,Bekasi,107.04761460690145,-6.280589,3,1,0,1,0,0,2021-10-25,871,0,0
3.0,1.0,148.0,56.0,Rumah,SHM - Sertifikat Hak Milik,700.0,5.0,Medan Satria,Bekasi,106.9739553,-6.1811903,8,1,1,1,0,0,2021-06-21,81,0,0
2.0,1.0,72.0,36.0,Rumah,SHM - Sertifikat Hak Milik,350.0,2.0,Bekasi Kota,Bekasi,106.9992869,-6.2363849,1,0,0,0,0,0,2021-06-21,211,0,0
